station_a,station_b,minutes,kind,route_ids,trip_count,evidence_trip_id,evidence_from_stop,evidence_to_stop,evidence_from_sequence,evidence_to_sequence
1,17,30.0,gtfs_candidate,PAT-CIR-3593;PAT-CIR-3594;SCT-CIR-3593;SCT-CIR-3594;SWA-CIR-3593;SWA-CIR-3594,34,7219427,10346,11515,9,44
1,23,86.0,gtfs_candidate,PAT-CIR-3593,4,7219306,11350,10422,1,79
1,30,12.0,gtfs_candidate,PAT-CIR-3593;PAT-CIR-3594;SCT-CIR-3593;SCT-CIR-3594;SWA-CIR-3593;SWA-CIR-3594;SWA-CLA-1706,44,7219427,10346,28525,9,26
1,32,2.0,gtfs_candidate,PAT-CIR-3593;PAT-CIR-3594;SCT-CIR-3593;SCT-CIR-3594;SWA-CIR-3593;SWA-CIR-3594;SWA-CLA-1706,44,7219427,10346,10349,9,12
1,5,4.0,gtfs_candidate,PAT-CIR-3593;PAT-CIR-3594;SCT-CIR-3593;SCT-CIR-3594;SWA-CIR-3593;SWA-CIR-3594,34,7219427,10346,10352,9,14
1,50,6.0,gtfs_candidate,PAT-CIR-3593;PAT-CIR-3594;SCT-CIR-3593;SCT-CIR-3594;SWA-CIR-3593;SWA-CIR-3594;SWA-CLA-1706,44,7219427,10346,10356,9,18
1,87,7.0,gtfs_candidate,PAT-CIR-3593;PAT-CIR-3594;SCT-CIR-3593;SCT-CIR-3594;SWA-CIR-3593;SWA-CIR-3594;SWA-CLA-1706,44,7219427,10437,10344,1,7
1,98,46.0,gtfs_candidate,PAT-CIR-3593;PAT-CIR-3594;SCT-CIR-3593;SCT-CIR-3594;SWA-CIR-3593;SWA-CIR-3594,34,7219226,11440,10422,20,73
100,102,18.0,gtfs_candidate,SWA-MAR-2512;SWA-MAR-2513;SWA-MAR-2514;SWA-MAR-2515;SWA-MAR-2516;SWA-MAR-2517;SWA-MAR-2518,82,7427250,18480,16275,1,27
100,158,26.0,gtfs_candidate,PAT-MOR-3967;PAT-MOR-4241;SWA-JOO-3934,73,7343151,12553,29083,1,33
100,23,44.0,gtfs_candidate,PAT-MOR-4244,29,7144670,12548,28995,1,56
100,64,35.0,gtfs_candidate,SWA-MAR-2570,14,6434801,27184,12547,1,42
100,98,25.0,gtfs_candidate,SWA-MAR-2506;SWA-MAR-2508;SWA-MAR-2510;SWA-MAR-2569,47,7285558,12549,29783,1,20
101,93,15.0,gtfs_candidate,SCT-ROC-1817;SCT-ROC-1818;SCT-ROC-4018,35,7162273,28287,28762,2,24
102,158,45.0,gtfs_candidate,SWA-JOO-4242,13,6451377,18462,29084,2,51
102,160,37.0,gtfs_candidate,SWA-MID-4243,10,6792791,18462,29115,2,27
102,90,23.0,gtfs_candidate,SWA-JOO-3935;SWA-JOO-3936;SWA-JOO-3937;SWA-JOO-3938;SWA-JOO-3939;SWA-JOO-3940;SWA-JOO-3941;SWA-JOO-3942;SWA-JOO-3943,111,6631998,17851,18476,1,26
12,148,25.0,gtfs_candidate,PAT-KAL-4284,11,7354683,27377,28942,1,21
12,22,29.0,gtfs_candidate,PAT-KAL-4300,21,7065637,12906,28942,4,26
12,56,29.0,gtfs_candidate,PAT-KAL-4300,21,7065637,28807,28942,2,26
12,64,30.0,gtfs_candidate,PAT-KAL-4300,21,7065637,27184,28942,1,26
12,72,27.0,gtfs_candidate,PAT-KAL-4300,21,7065637,28934,28942,7,26
12,84,1.0,gtfs_candidate,PAT-KAL-4283;PAT-KAL-4284;PAT-KAL-4300,35,7065534,29536,28943,5,6
133,153,8.0,gtfs_candidate,SWA-JOO-4191;SWA-JOO-4192,36,6566744,28978,26996,1,10
133,85,17.0,gtfs_candidate,SWA-JOO-3950;SWA-JOO-3951;SWA-JOO-3952;SWA-JOO-3953,64,6542496,21911,26996,1,21
135,147,34.0,gtfs_candidate,PAT-KAL-2715;PAT-KAL-3564;PAT-KAL-4161,98,7129361,28535,10088,1,32
135,149,54.0,gtfs_candidate,PAT-KAL-4058,13,7482549,28542,10088,1,52
135,156,33.0,gtfs_candidate,PAT-MOR-3142;PAT-MOR-4246;SWA-CLA-2982;SWA-CLA-4319,40,6230303,12228,15888,12,50
135,163,53.0,gtfs_candidate,SWA-CAN-4343,18,7114003,10124,29493,3,58
135,17,12.0,gtfs_candidate,SWA-CLA-1646,21,6078324,10090,19437,6,24
135,22,7.0,gtfs_candidate,PAT-MOR-3095;PAT-MOR-3096;PAT-MOR-4198;PAT-MOR-4199,45,7381383,12226,12881,1,6
135,23,22.0,gtfs_candidate,PAT-MOR-3095;PAT-MOR-4198,25,7381383,12226,11349,1,31
135,26,11.0,gtfs_candidate,PAT-MOR-3095;PAT-MOR-3096;PAT-MOR-4198;PAT-MOR-4199,45,7381383,12226,11318,1,10
135,30,18.0,gtfs_candidate,SWA-CLA-1643;SWA-CLA-1644;SWA-CLA-1646;SWA-CLA-1658;SWA-CLA-4028,71,6639771,12218,10402,1,19
135,31,9.0,gtfs_candidate,SCT-PCA-2850,30,6195449,12209,12895,1,8
135,33,12.0,gtfs_candidate,PAT-KAL-2715;PAT-KAL-3564;PAT-KAL-4058;PAT-KAL-4161,111,7416610,10123,14451,8,18
135,36,9.0,gtfs_candidate,SWA-CLA-1646,21,6078324,10090,19427,6,20
135,38,29.0,gtfs_candidate,SWA-CLA-1646,17,6078324,10090,19528,6,47
135,42,17.0,gtfs_candidate,SWA-CLA-1646,17,6078324,10090,23649,6,31
135,44,13.0,gtfs_candidate,PAT-MOR-3095;PAT-MOR-3096;PAT-MOR-4198;PAT-MOR-4199,45,7381383,12226,11322,1,14
135,49,16.0,gtfs_candidate,PAT-MOR-3095;PAT-MOR-3096;PAT-MOR-4198,36,7381383,12226,11327,1,19
135,56,4.0,gtfs_candidate,PAT-MOR-3095;PAT-MOR-3096;PAT-MOR-3142;PAT-MOR-4125;PAT-MOR-4198;PAT-MOR-4199;PAT-MOR-4246;SCT-PCA-1;SWA-CLA-2982;SWA-CLA-4319,170,6183947,28068,12132,1,4
135,64,2.0,gtfs_candidate,PAT-KAL-2706;PAT-KAL-2707;PAT-KAL-2710;PAT-MOR-3095;PAT-MOR-3096;PAT-MOR-3142;PAT-MOR-4125;PAT-MOR-4198;PAT-MOR-4199;PAT-MOR-4246;SCT-FRE-2759;SCT-PCA-1;SWA-CLA-2982;SWA-CLA-4319,273,6183947,28068,26767,1,2
135,72,10.0,gtfs_candidate,PAT-MOR-3095;PAT-MOR-3096;PAT-MOR-4198;PAT-MOR-4199,45,7381383,12226,11316,1,8
135,73,25.0,gtfs_candidate,PAT-KAL-4267,13,7315437,29548,10084,1,24
135,8,17.0,gtfs_candidate,SCT-PCA-2850,30,6195449,12209,26656,1,11
135,82,51.0,gtfs_candidate,SWA-CAN-3835,9,7326519,23705,10084,1,55
135,83,8.0,gtfs_candidate,PAT-KAL-2706;SCT-FRE-2759;SCT-FRE-2797;SCT-FRE-2801;SCT-FRE-2802;SCT-FRE-3612;SCT-FRE-3624,140,6641220,12213,11968,10,11
135,84,39.0,gtfs_candidate,PAT-KAL-2710;SWA-CAN-1473;SWA-CAN-4342,34,7325293,10124,13630,3,39
135,87,34.0,gtfs_candidate,SCT-FRE-2759;SCT-FRE-2797;SCT-FRE-2801;SCT-FRE-2802,85,6632297,10425,12207,2,37
135,99,34.0,gtfs_candidate,SWA-SRI-3535;SWA-SRI-4291,52,7120018,10126,20487,3,37
138,86,9.0,gtfs_candidate,SCT-FRE-2815;SCT-FRE-2816;SWA-CAN-4317,44,6968601,23625,27567,1,11
147,149,33.0,gtfs_candidate,PAT-KAL-2732,8,7269533,28538,28547,1,38
147,24,8.0,gtfs_candidate,PAT-KAL-4162,5,7121217,28537,14908,1,14
147,33,16.0,gtfs_candidate,PAT-KAL-2715;PAT-KAL-3564;PAT-KAL-4161,98,7129361,28535,14504,1,23
147,41,15.0,gtfs_candidate,PAT-KAL-4162,5,7121217,28537,14529,1,22
147,59,11.0,gtfs_candidate,PAT-KAL-4162,5,7121217,28537,14898,1,18
147,95,17.0,gtfs_candidate,PAT-KAL-4162;PAT-KAL-4163,14,7121217,28537,14532,1,25
148,73,27.0,gtfs_candidate,PAT-KAL-4095,10,7315977,27377,29545,1,21
148,84,24.0,gtfs_candidate,PAT-KAL-4284,11,7354614,27377,29823,1,18
149,33,36.0,gtfs_candidate,PAT-KAL-4058,13,7482549,28542,14504,1,43
149,84,32.0,gtfs_candidate,PAT-KAL-4160,12,7065724,28548,29539,1,35
149,95,21.0,gtfs_candidate,PAT-KAL-4203;PAT-KAL-4204,20,7128994,28545,14630,1,21
15,30,28.0,gtfs_candidate,SWA-CLA-1647,4,6078480,27575,28069,4,40
15,31,3.0,gtfs_candidate,SWA-CLA-1647;SWA-MAR-2483;SWA-MAR-3000;SWA-MAR-758;SWA-MAR-771;SWA-MAR-773,74,7271210,12932,12728,4,7
15,42,25.0,gtfs_candidate,SWA-CLA-1647,4,6078480,19506,28069,11,40
15,6,3.0,gtfs_candidate,SWA-CLA-1647,9,6078517,12785,28069,26,28
15,64,7.0,gtfs_candidate,SWA-CLA-1647;SWA-MAR-2483;SWA-MAR-3000;SWA-MAR-758;SWA-MAR-771;SWA-MAR-773,74,7271210,27180,12728,1,7
15,8,1.0,gtfs_candidate,SWA-MAR-2483;SWA-MAR-3000;SWA-MAR-758;SWA-MAR-771;SWA-MAR-773,65,7271135,12725,12728,5,7
15,88,14.0,gtfs_candidate,SWA-MAR-758,16,7305591,27292,12777,2,20
150,74,37.0,gtfs_candidate,SCT-ROC-4144,25,6002395,26698,28792,1,44
150,94,18.0,gtfs_candidate,SCT-ROC-2144;SCT-ROC-2631;SCT-ROC-4145,43,6010745,28790,17379,1,17
153,154,12.0,gtfs_candidate,SWA-JOO-3955;SWA-JOO-4187,33,7188442,28986,28976,1,7
154,155,15.0,gtfs_candidate,SWA-JOO-4188;SWA-JOO-4189;SWA-JOO-4190,28,7221232,28991,28962,1,11
156,158,11.0,gtfs_candidate,PAT-MOR-4231;PAT-MOR-4232;PAT-MOR-4234,52,7146173,29087,15736,1,13
156,39,6.0,gtfs_candidate,PAT-MOR-4234,19,7441093,17722,15736,30,38
156,56,27.0,gtfs_candidate,PAT-MOR-3142;PAT-MOR-4246;SWA-CLA-2982;SWA-CLA-4319,40,6889079,11376,26623,2,21
156,64,30.0,gtfs_candidate,PAT-MOR-3142;PAT-MOR-4246;SWA-CLA-2982;SWA-CLA-4319,40,6230303,12902,15888,14,50
158,39,22.0,gtfs_candidate,PAT-MOR-4234,19,7441093,29085,15749,1,29
159,160,23.0,gtfs_candidate,SWA-MID-4226;SWA-MID-4228,24,7403156,29097,29116,1,22
159,34,20.0,gtfs_candidate,SWA-MID-4235,18,6925532,29102,29462,1,26
159,39,21.0,gtfs_candidate,PAT-MOR-4233;SWA-MID-4235,42,7147241,29101,15749,1,21
159,95,26.0,gtfs_candidate,SWA-MID-4236;SWA-MID-4237,14,6925612,14668,29095,2,23
160,95,44.0,gtfs_candidate,SWA-MID-3029,4,6925906,29109,14628,1,56
162,163,12.0,gtfs_candidate,SWA-CAN-1784;SWA-CAN-1785;SWA-CAN-4292,54,7319184,20550,29493,4,17
162,68,20.0,gtfs_candidate,SWA-SRI-815,13,7319378,13464,20454,1,22
162,82,24.0,gtfs_candidate,SWA-CAN-4269,16,7319079,23702,20454,1,22
162,84,16.0,gtfs_candidate,SWA-CAN-1785,22,7319608,13632,20454,2,17
162,96,19.0,gtfs_candidate,SWA-CAN-1784;SWA-CAN-1785;SWA-CAN-4273,58,7319256,23717,20548,1,25
162,99,7.0,gtfs_candidate,SWA-SRI-133;SWA-SRI-4279,10,7325184,20595,20454,2,9
163,43,33.0,gtfs_candidate,SWA-CAN-1783,10,7340793,29260,29497,1,37
163,68,25.0,gtfs_candidate,SWA-SRI-4277,20,7344696,13464,29497,1,35
163,84,37.0,gtfs_candidate,SWA-CAN-1785;SWA-CAN-1788,49,7319608,13632,29496,2,39
163,86,32.0,gtfs_candidate,SWA-CAN-2551,22,7342571,23627,29497,1,35
163,96,9.0,gtfs_candidate,SWA-CAN-1783;SWA-CAN-1784;SWA-CAN-1785;SWA-CAN-1788;SWA-CAN-1852;SWA-CAN-2551;SWA-SRI-4277,133,7319465,23714,29491,6,18
163,99,21.0,gtfs_candidate,SWA-CAN-1788;SWA-CAN-1852,34,7345745,22741,29496,19,51
164,43,13.0,gtfs_candidate,SWA-SRI-153,6,7102364,13187,13135,2,17
17,23,48.0,gtfs_candidate,PAT-CIR-3593,4,7219306,11350,11495,1,42
17,30,15.0,gtfs_candidate,PAT-CIR-3593;PAT-CIR-3594;SCT-CIR-3593;SCT-CIR-3594;SWA-CIR-3593;SWA-CIR-3594;SWA-CLA-1645;SWA-CLA-1646,58,6078364,28527,19444,1,25
17,32,27.0,gtfs_candidate,PAT-CIR-3593;PAT-CIR-3594;SCT-CIR-3593;SCT-CIR-3594;SWA-CIR-3593;SWA-CIR-3594,34,7219226,11496,10418,37,69
17,36,2.0,gtfs_candidate,SWA-CLA-1646,21,6078367,19444,19423,25,29
17,38,13.0,gtfs_candidate,SWA-CLA-1646,17,6078364,19526,19444,3,25
17,42,5.0,gtfs_candidate,SWA-CLA-1646,17,6078294,19437,23649,24,31
17,5,26.0,gtfs_candidate,PAT-CIR-3593;PAT-CIR-3594;SCT-CIR-3593;SCT-CIR-3594;SWA-CIR-3593;SWA-CIR-3594,34,7219226,11496,10416,37,67
17,50,23.0,gtfs_candidate,PAT-CIR-3593;PAT-CIR-3594;SCT-CIR-3593;SCT-CIR-3594;SWA-CIR-3593;SWA-CIR-3594,34,7219226,11496,10412,37,64
17,87,38.0,gtfs_candidate,PAT-CIR-3593;PAT-CIR-3594;SCT-CIR-3593;SCT-CIR-3594;SWA-CIR-3593;SWA-CIR-3594,34,7219427,10437,11515,1,44
17,98,13.0,gtfs_candidate,PAT-CIR-3593;PAT-CIR-3594;SCT-CIR-3593;SCT-CIR-3594;SWA-CIR-3593;SWA-CIR-3594,38,7219226,11440,11495,20,36
22,23,14.0,gtfs_candidate,PAT-MOR-3095;PAT-MOR-4198,25,7381383,24376,11349,7,31
22,26,3.0,gtfs_candidate,PAT-MOR-3095;PAT-MOR-3096;PAT-MOR-4198;PAT-MOR-4199,45,7381383,24376,11318,7,10
22,31,7.0,gtfs_candidate,SCT-PCA-905,55,5741428,23090,12906,3,8
22,43,62.0,gtfs_candidate,SWA-SRI-1463,12,7148577,12906,13179,4,81
22,44,5.0,gtfs_candidate,PAT-MOR-3095;PAT-MOR-3096;PAT-MOR-4198;PAT-MOR-4199,45,7381383,24376,11322,7,14
22,49,7.0,gtfs_candidate,PAT-MOR-3095;PAT-MOR-3096;PAT-MOR-4198,36,7381517,24376,11327,7,19
22,56,1.0,gtfs_candidate,PAT-KAL-2714;PAT-KAL-3615;PAT-KAL-4300;PAT-MOR-3095;PAT-MOR-3096;PAT-MOR-3614;PAT-MOR-4198;PAT-MOR-4199;SCT-PCA-2;SCT-PCA-905;SWA-SRI-1463,231,5418207,12920,12923,12,13
22,58,14.0,gtfs_candidate,PAT-KAL-2714,17,7486095,12906,14414,4,16
22,64,1.0,gtfs_candidate,PAT-KAL-2714;PAT-KAL-3615;PAT-KAL-4300;PAT-MOR-3095;PAT-MOR-3096;PAT-MOR-3614;PAT-MOR-4198;PAT-MOR-4199;SCT-PCA-2;SCT-PCA-905;SWA-SRI-1463,232,7065637,27184,12906,1,4
22,67,43.0,gtfs_candidate,SWA-SRI-1463,12,7148577,12906,10189,4,60
22,68,37.0,gtfs_candidate,SWA-SRI-1463,12,7148569,12906,10176,4,47
22,72,1.0,gtfs_candidate,PAT-KAL-4300;PAT-MOR-3095;PAT-MOR-3096;PAT-MOR-4198;PAT-MOR-4199;SCT-PCA-905,114,7381384,24376,11316,7,8
22,84,32.0,gtfs_candidate,PAT-KAL-4300,21,7065637,12906,29539,4,28
22,89,41.0,gtfs_candidate,SWA-SRI-1463,12,7148577,12906,10183,4,54
22,91,48.0,gtfs_candidate,SWA-SRI-1463,12,7148577,12906,10198,4,67
22,92,33.0,gtfs_candidate,SWA-SRI-1463,12,7148569,12906,10170,4,41
23,26,11.0,gtfs_candidate,PAT-MOR-3095;PAT-MOR-4198,25,7381383,11318,11349,10,31
23,30,66.0,gtfs_candidate,PAT-CIR-3593,4,7219306,11350,10402,1,59
23,32,81.0,gtfs_candidate,PAT-CIR-3593,4,7219306,11350,10418,1,75
23,39,12.0,gtfs_candidate,PAT-MOR-4200;PAT-MOR-4201,16,7145531,26765,21977,2,11
23,44,8.0,gtfs_candidate,PAT-MOR-3095;PAT-MOR-4198,25,7381383,11324,11349,16,31
23,49,5.0,gtfs_candidate,PAT-MOR-3095;PAT-MOR-4198,25,7381383,11329,11349,21,31
23,5,79.0,gtfs_candidate,PAT-CIR-3593,4,7219306,11350,10416,1,73
23,50,76.0,gtfs_candidate,PAT-CIR-3593,4,7219306,11350,10412,1,70
23,56,17.0,gtfs_candidate,PAT-MOR-3095;PAT-MOR-4198,25,7381383,12131,11349,4,31
23,64,18.0,gtfs_candidate,PAT-MOR-3095;PAT-MOR-4198,25,7381383,12902,11349,3,31
23,72,12.0,gtfs_candidate,PAT-MOR-3095;PAT-MOR-4198,25,7381383,11316,11349,8,31
23,73,25.0,gtfs_candidate,PAT-CIR-3593;PAT-CIR-3594;SCT-CIR-3593;SCT-CIR-3594;SWA-CIR-3593;SWA-CIR-3594,31,6641002,11627,29547,7,28
23,87,86.0,gtfs_candidate,PAT-CIR-3593;PAT-CIR-3594;SCT-CIR-3593;SCT-CIR-3594;SWA-CIR-3593;SWA-CIR-3594,32,6640676,10434,11349,1,72
23,96,59.0,gtfs_candidate,PAT-CIR-3593;PAT-CIR-3594;SCT-CIR-3593;SCT-CIR-3594;SWA-CIR-3593;SWA-CIR-3594,28,6640676,23716,11349,24,72
23,98,31.0,gtfs_candidate,PAT-CIR-3593,4,7219306,11350,11540,1,25
24,41,5.0,gtfs_candidate,PAT-KAL-4162,5,7121235,14614,14902,3,11
24,59,2.0,gtfs_candidate,PAT-KAL-4162,5,7121217,14895,14898,15,18
24,95,7.0,gtfs_candidate,PAT-KAL-4162,5,7121235,29517,14902,1,11
26,44,1.0,gtfs_candidate,PAT-MOR-3095;PAT-MOR-3096;PAT-MOR-4198;PAT-MOR-4199,45,7381419,11650,11654,35,39
26,49,3.0,gtfs_candidate,PAT-MOR-3095;PAT-MOR-3096;PAT-MOR-4198,36,7381419,11645,11654,30,39
26,56,6.0,gtfs_candidate,PAT-MOR-3095;PAT-MOR-3096;PAT-MOR-4198;PAT-MOR-4199,45,7381383,12131,11318,4,10
26,64,7.0,gtfs_candidate,PAT-MOR-3095;PAT-MOR-3096;PAT-MOR-4198;PAT-MOR-4199,45,7381383,12902,11318,3,10
26,72,1.0,gtfs_candidate,PAT-MOR-3095;PAT-MOR-3096;PAT-MOR-4198;PAT-MOR-4199,45,7381383,11316,11318,8,10
28,68,31.0,gtfs_candidate,SWA-SRI-4339,9,7344397,29839,13463,8,41
28,84,3.0,gtfs_candidate,PAT-KAL-4338;SWA-SRI-4339,20,7344397,29534,13592,5,7
28,92,11.0,gtfs_candidate,SWA-SRI-4339,9,7344397,29839,13506,8,19
30,31,32.0,gtfs_candidate,SWA-CLA-1647,10,6078431,23086,19524,3,45
30,32,9.0,gtfs_candidate,PAT-CIR-3593;PAT-CIR-3594;SCT-CIR-3593;SCT-CIR-3594;SWA-CIR-3593;SWA-CIR-3594;SWA-CLA-1706,46,7219427,10350,28525,13,26
30,36,17.0,gtfs_candidate,SWA-CLA-1646,17,6078367,28527,19423,1,29
30,38,1.0,gtfs_candidate,SWA-CLA-1646;SWA-CLA-1707,28,6553990,28528,19526,1,3
30,42,3.0,gtfs_candidate,SWA-CLA-1646;SWA-CLA-1647,27,6078480,27575,19506,4,11
30,5,8.0,gtfs_candidate,PAT-CIR-3593;PAT-CIR-3594;SCT-CIR-3593;SCT-CIR-3594;SWA-CIR-3593;SWA-CIR-3594,34,7219427,10352,28525,14,26
30,50,4.0,gtfs_candidate,PAT-CIR-3593;PAT-CIR-3594;SCT-CIR-3593;SCT-CIR-3594;SWA-CIR-3593;SWA-CIR-3594;SWA-CLA-1706;SWA-CLA-1707,57,6612903,28528,19621,1,10
30,6,22.0,gtfs_candidate,SWA-CLA-1647,10,6078480,27575,19430,4,37
30,64,35.0,gtfs_candidate,SWA-CLA-1647,10,6078431,27180,19524,1,45
30,87,20.0,gtfs_candidate,PAT-CIR-3593;PAT-CIR-3594;SCT-CIR-3593;SCT-CIR-3594;SWA-CIR-3593;SWA-CIR-3594;SWA-CLA-1706,44,7219427,10437,28525,1,26
30,98,29.0,gtfs_candidate,PAT-CIR-3593;PAT-CIR-3594;SCT-CIR-3593;SCT-CIR-3594;SWA-CIR-3593;SWA-CIR-3594,35,7219226,11440,10402,20,53
31,42,23.0,gtfs_candidate,SWA-CLA-1647,10,6078431,23086,23649,3,38
31,56,5.0,gtfs_candidate,SCT-PCA-905,55,5741428,23090,12901,3,6
31,6,5.0,gtfs_candidate,SWA-CLA-1647,15,6078426,23087,16923,5,9
31,64,3.0,gtfs_candidate,SCT-PCA-905;SWA-CLA-1647;SWA-MAR-2483;SWA-MAR-3000;SWA-MAR-758;SWA-MAR-771;SWA-MAR-773,135,5741614,23090,12900,3,5
31,72,16.0,gtfs_candidate,SCT-PCA-905,48,5418207,16957,23086,2,17
31,8,2.0,gtfs_candidate,SCT-PCA-2850;SWA-MAR-2483;SWA-MAR-3000;SWA-MAR-758;SWA-MAR-771;SWA-MAR-773,95,6195551,26656,12931,1,2
31,88,21.0,gtfs_candidate,SWA-MAR-758,16,7305591,27292,12931,2,25
32,5,1.0,gtfs_candidate,PAT-CIR-3593;PAT-CIR-3594;SCT-CIR-3593;SCT-CIR-3594;SWA-CIR-3593;SWA-CIR-3594,34,7219226,10416,10418,67,69
32,50,3.0,gtfs_candidate,PAT-CIR-3593;PAT-CIR-3594;SCT-CIR-3593;SCT-CIR-3594;SWA-CIR-3593;SWA-CIR-3594;SWA-CLA-1706,46,7219427,10350,10356,13,18
32,87,10.0,gtfs_candidate,PAT-CIR-3593;PAT-CIR-3594;SCT-CIR-3593;SCT-CIR-3594;SWA-CIR-3593;SWA-CIR-3594;SWA-CLA-1706,44,7219427,10437,10349,1,12
32,98,41.0,gtfs_candidate,PAT-CIR-3593;PAT-CIR-3594;SCT-CIR-3593;SCT-CIR-3594;SWA-CIR-3593;SWA-CIR-3594,34,7219226,11440,10418,20,69
34,39,1.0,gtfs_candidate,SWA-MID-4235,18,6925434,28810,29461,1,3
36,38,15.0,gtfs_candidate,SWA-CLA-1646,17,6078367,19526,19423,3,29
36,42,7.0,gtfs_candidate,SWA-CLA-1646,17,6078367,19506,19423,18,29
38,42,8.0,gtfs_candidate,SWA-CLA-1646,17,6078364,19526,19506,3,18
38,50,11.0,gtfs_candidate,SWA-CLA-1707,11,6554078,19614,27898,2,16
4,85,25.0,gtfs_candidate,SWA-JOO-3948,4,6551395,21907,17802,1,29
4,90,7.0,gtfs_candidate,SWA-JOO-3947;SWA-JOO-3948,9,6551387,17826,17793,2,13
41,59,2.0,gtfs_candidate,PAT-KAL-4162,5,7121217,14527,14529,20,22
41,95,1.0,gtfs_candidate,PAT-KAL-4162,5,7121217,14531,14532,24,25
42,6,18.0,gtfs_candidate,SWA-CLA-1647,10,6078431,16923,23649,9,38
42,64,26.0,gtfs_candidate,SWA-CLA-1647,10,6078431,27180,23649,1,38
43,56,63.0,gtfs_candidate,SWA-SRI-1463,12,7148577,28819,13179,2,81
43,64,65.0,gtfs_candidate,SWA-SRI-1463,12,7148577,27184,13179,1,81
43,67,11.0,gtfs_candidate,SWA-SRI-1463,12,7148622,13184,10019,3,24
43,68,19.0,gtfs_candidate,SWA-SRI-1463,12,7148622,13184,10034,3,38
43,86,26.0,gtfs_candidate,SWA-SRI-4299,18,7102012,29260,23630,1,19
43,89,14.0,gtfs_candidate,SWA-SRI-1463,12,7148622,13184,10025,3,30
43,91,7.0,gtfs_candidate,SWA-SRI-1463;SWA-SRI-148;SWA-SRI-149;SWA-SRI-150;SWA-SRI-4022,38,7148622,13184,10011,3,17
43,92,22.0,gtfs_candidate,SWA-SRI-1463,12,7148622,13184,10039,3,43
43,96,44.0,gtfs_candidate,SWA-CAN-1783,10,7340793,29260,10535,1,48
44,49,1.0,gtfs_candidate,PAT-MOR-3095;PAT-MOR-3096;PAT-MOR-4198,36,7381381,11324,11327,16,19
44,56,8.0,gtfs_candidate,PAT-MOR-3095;PAT-MOR-3096;PAT-MOR-4198;PAT-MOR-4199,45,7381383,12131,11322,4,14
44,64,9.0,gtfs_candidate,PAT-MOR-3095;PAT-MOR-3096;PAT-MOR-4198;PAT-MOR-4199,45,7381383,12902,11322,3,14
44,72,3.0,gtfs_candidate,PAT-MOR-3095;PAT-MOR-3096;PAT-MOR-4198;PAT-MOR-4199,45,7381383,11316,11322,8,14
49,56,10.0,gtfs_candidate,PAT-MOR-3095;PAT-MOR-3096;PAT-MOR-4198,36,7381517,12131,11327,4,19
49,64,12.0,gtfs_candidate,PAT-MOR-3095;PAT-MOR-3096;PAT-MOR-4198,36,7381383,12902,11327,3,19
49,72,5.0,gtfs_candidate,PAT-MOR-3095;PAT-MOR-3096;PAT-MOR-4198,36,7381419,11645,11656,30,41
5,50,2.0,gtfs_candidate,PAT-CIR-3593;PAT-CIR-3594;SCT-CIR-3593;SCT-CIR-3594;SWA-CIR-3593;SWA-CIR-3594,34,7219425,10353,10356,15,18
5,87,12.0,gtfs_candidate,PAT-CIR-3593;PAT-CIR-3594;SCT-CIR-3593;SCT-CIR-3594;SWA-CIR-3593;SWA-CIR-3594,34,7219427,10437,10352,1,14
5,98,40.0,gtfs_candidate,PAT-CIR-3593;PAT-CIR-3594;SCT-CIR-3593;SCT-CIR-3594;SWA-CIR-3593;SWA-CIR-3594,34,7219226,11440,10416,20,67
50,87,14.0,gtfs_candidate,PAT-CIR-3593;PAT-CIR-3594;SCT-CIR-3593;SCT-CIR-3594;SWA-CIR-3593;SWA-CIR-3594;SWA-CLA-1706,44,7219427,10437,10356,1,18
50,98,37.0,gtfs_candidate,PAT-CIR-3593;PAT-CIR-3594;SCT-CIR-3593;SCT-CIR-3594;SWA-CIR-3593;SWA-CIR-3594,34,7219226,11440,10412,20,64
56,58,15.0,gtfs_candidate,PAT-KAL-2714,17,7486095,28819,14414,2,16
56,64,1.0,gtfs_candidate,PAT-KAL-2714;PAT-KAL-3615;PAT-KAL-4300;PAT-MOR-3095;PAT-MOR-3096;PAT-MOR-3105;PAT-MOR-3106;PAT-MOR-3142;PAT-MOR-3614;PAT-MOR-4125;PAT-MOR-4198;PAT-MOR-4199;PAT-MOR-4246;SCT-PCA-1;SCT-PCA-2;SCT-PCA-905;SWA-CLA-2982;SWA-CLA-4319;SWA-SRI-1463,377,5418207,12923,12925,13,15
56,67,44.0,gtfs_candidate,SWA-SRI-1463,12,7148577,28819,10189,2,60
56,68,38.0,gtfs_candidate,SWA-SRI-1463,12,7148569,28819,10176,2,47
56,72,2.0,gtfs_candidate,PAT-KAL-4300;PAT-MOR-3095;PAT-MOR-3096;PAT-MOR-4198;PAT-MOR-4199;SCT-PCA-905,114,7065637,28807,28934,2,7
56,84,32.0,gtfs_candidate,PAT-KAL-4300,21,7065637,28807,29539,2,28
56,89,42.0,gtfs_candidate,SWA-SRI-1463,12,7148577,28819,10183,2,54
56,91,49.0,gtfs_candidate,SWA-SRI-1463,12,7148577,28819,10198,2,67
56,92,34.0,gtfs_candidate,SWA-SRI-1463,12,7148569,28819,10170,2,41
58,64,17.0,gtfs_candidate,PAT-KAL-2714,17,7486095,27184,14414,1,16
59,95,4.0,gtfs_candidate,PAT-KAL-4162,5,7121217,14527,14532,20,25
6,64,8.0,gtfs_candidate,SWA-CLA-1647,15,6078431,27180,16923,1,9
64,67,46.0,gtfs_candidate,SWA-SRI-1463,12,7148577,27184,10189,1,60
64,68,40.0,gtfs_candidate,SWA-SRI-1463,12,7148569,27184,10176,1,47
64,72,3.0,gtfs_candidate,PAT-KAL-4300;PAT-MOR-3095;PAT-MOR-3096;PAT-MOR-4198;PAT-MOR-4199;SCT-PCA-905,114,7065637,27184,28934,1,7
64,8,5.0,gtfs_candidate,SWA-MAR-2481;SWA-MAR-2483;SWA-MAR-3000;SWA-MAR-758;SWA-MAR-771;SWA-MAR-773,88,7284629,27184,12892,1,4
64,83,22.0,gtfs_candidate,PAT-KAL-2706;SCT-FRE-2759,63,6534041,27180,22699,1,24
64,84,33.0,gtfs_candidate,PAT-KAL-2710;PAT-KAL-4300,36,7065637,27184,29539,1,28
64,87,57.0,gtfs_candidate,SCT-FRE-2759,45,6629926,27180,10427,1,60
64,88,12.0,gtfs_candidate,SWA-MAR-1857;SWA-MAR-2481;SWA-MAR-758,74,7285840,27184,11454,1,18
64,89,44.0,gtfs_candidate,SWA-SRI-1463,12,7148577,27184,10183,1,54
64,91,51.0,gtfs_candidate,SWA-SRI-1463,12,7148577,27184,10198,1,67
64,92,36.0,gtfs_candidate,SWA-SRI-1463,12,7148569,27184,10170,1,41
64,98,30.0,gtfs_candidate,SWA-MAR-2248;SWA-MAR-2497,35,7289776,27184,11538,1,34
67,68,6.0,gtfs_candidate,SWA-SRI-1463,12,7148577,10176,10189,47,60
67,89,2.0,gtfs_candidate,SWA-SRI-1463,12,7148577,10183,10189,54,60
67,91,3.0,gtfs_candidate,SWA-SRI-1463,12,7148622,10012,10019,18,24
67,92,10.0,gtfs_candidate,SWA-SRI-1463,12,7148577,10170,10189,41,60
68,84,36.0,gtfs_candidate,SWA-SRI-4339,9,7344397,29534,13463,5,41
68,89,4.0,gtfs_candidate,SWA-SRI-141;SWA-SRI-1463,20,7148577,10176,10183,47,54
68,91,11.0,gtfs_candidate,SWA-SRI-1463,12,7148577,10176,10198,47,67
68,92,3.0,gtfs_candidate,SWA-SRI-1463;SWA-SRI-4339,24,7148622,10034,10039,38,43
68,96,36.0,gtfs_candidate,SWA-SRI-4277,20,7346029,13464,10535,1,46
68,99,16.0,gtfs_candidate,SWA-SRI-141,6,7342329,22741,13465,1,18
72,84,29.0,gtfs_candidate,PAT-KAL-4300,21,7348352,29536,28933,1,20
73,87,60.0,gtfs_candidate,PAT-CIR-3593;PAT-CIR-3594;SCT-CIR-3593;SCT-CIR-3594;SWA-CIR-3593;SWA-CIR-3594,32,6640676,10434,29544,1,52
73,96,33.0,gtfs_candidate,PAT-CIR-3593;PAT-CIR-3594;SCT-CIR-3593;SCT-CIR-3594;SWA-CIR-3593;SWA-CIR-3594,32,6640676,23716,29544,24,52
74,97,13.0,gtfs_candidate,SCT-ROC-1802;SCT-ROC-1803;SCT-ROC-1804,49,6196180,24012,26475,1,15
8,88,15.0,gtfs_candidate,SWA-MAR-2481;SWA-MAR-758,39,7284726,27292,12676,2,20
82,84,30.0,gtfs_candidate,SWA-CAN-4268;SWA-CAN-4270;SWA-CAN-4271;SWA-CAN-4272,58,7326371,23702,13630,1,30
82,87,27.0,gtfs_candidate,SCT-FRE-2805;SCT-FRE-4007,50,6607911,23699,11142,1,35
82,96,15.0,gtfs_candidate,SCT-FRE-2806;SCT-FRE-2807;SCT-FRE-2808,31,6186324,23700,23718,1,17
83,84,33.0,gtfs_candidate,PAT-KAL-4344,32,7096072,23845,13630,1,29
83,87,24.0,gtfs_candidate,SCT-FRE-2759;SCT-FRE-2797;SCT-FRE-2799;SCT-FRE-2801;SCT-FRE-2802,89,6630033,10438,23846,1,36
84,92,16.0,gtfs_candidate,SWA-SRI-4339,9,7344397,29534,13506,5,19
84,96,48.0,gtfs_candidate,SWA-CAN-1785;SWA-CAN-1788,48,7319608,13632,10535,2,50
84,99,14.0,gtfs_candidate,SWA-CAN-1788,27,7345745,13632,20487,2,18
85,90,33.0,gtfs_candidate,SWA-JOO-3948,4,6551388,17826,21910,2,38
86,87,41.0,gtfs_candidate,SCT-FRE-2813;SCT-FRE-2817;SCT-FRE-2818;SCT-FRE-2819,64,7320528,23629,10469,1,46
86,89,35.0,gtfs_candidate,SWA-SRI-4016,16,7102545,23627,19118,1,35
86,96,23.0,gtfs_candidate,SCT-FRE-2812;SWA-CAN-2551,27,6186746,23707,23635,1,35
87,96,27.0,gtfs_candidate,PAT-CIR-3593;PAT-CIR-3594;SCT-CIR-3593;SCT-CIR-3594;SCT-FRE-2810;SCT-FRE-2811;SCT-FRE-3005;SWA-CIR-3593;SWA-CIR-3594,84,6640676,10434,23716,1,24
87,97,55.0,gtfs_candidate,SCT-ROC-3622;SCT-ROC-3623,33,7161550,10430,26475,1,58
87,98,55.0,gtfs_candidate,PAT-CIR-3593;PAT-CIR-3594;SCT-CIR-3593;SCT-CIR-3594;SWA-CIR-3593;SWA-CIR-3594,34,7219427,10437,11535,1,60
88,98,16.0,gtfs_candidate,SWA-MAR-2503;SWA-MAR-2504,18,7272088,11440,27496,2,12
89,91,6.0,gtfs_candidate,SWA-SRI-1463,12,7148622,10012,10025,18,30
89,92,8.0,gtfs_candidate,SWA-SRI-1463,12,7148577,10170,10183,41,54
89,99,12.0,gtfs_candidate,SWA-SRI-141;SWA-SRI-4281;SWA-SRI-4282,18,7342253,22736,20504,1,18
91,92,14.0,gtfs_candidate,SWA-SRI-1463,12,7148622,10012,10039,18,43
96,99,31.0,gtfs_candidate,SWA-CAN-1788;SWA-CAN-1852,33,7345873,23714,20609,6,48
