target,target_name,alpha,scenario,round,n_failed,n_secondary,removed_ids,next_failed_ids,reachable_pairs,original_pairs,unmet_fraction,mean_time_change_reachable_min
56,Perth Stn,0.2,rail_only,0,1,0,56,140;15;17;31;36;42;6;72;76,3570,3655,0.023255813953488413,1.7704939521531513
56,Perth Stn,0.2,rail_only,1,10,9,140;15;17;31;36;42;6;72;76,162;163;99,1261,3655,0.6549931600547196,8.666355696740258
56,Perth Stn,0.2,rail_only,2,13,12,162;163;99,,697,3655,0.8093023255813954,0.0
56,Perth Stn,0.2,existing_bus,0,1,0,56,140;15;17;31;36;42;48;6;72;76,3655,3655,0.0,2.5475905460814556
56,Perth Stn,0.2,existing_bus,1,11,10,140;15;17;31;36;42;48;6;72;76,135;162;163;37;64;82;83;86;88;96;99,2181,3655,0.4032831737346101,42.24194325256298
56,Perth Stn,0.2,existing_bus,2,22,21,135;162;163;37;64;82;83;86;88;96;99,,459,3655,0.8744186046511628,7.494900407482692
56,Perth Stn,1.0,rail_only,0,1,0,56,17;36;42;72;76,3570,3655,0.023255813953488413,1.7704939521531513
56,Perth Stn,1.0,rail_only,1,6,5,17;36;42;72;76,,1451,3655,0.6030095759233927,0.0
56,Perth Stn,1.0,existing_bus,0,1,0,56,17;36;42;6;72;76,3655,3655,0.0,2.5475905460814556
56,Perth Stn,1.0,existing_bus,1,7,6,17;36;42;6;72;76,48,2451,3655,0.3294117647058824,27.739826474429353
56,Perth Stn,1.0,existing_bus,2,8,7,48,,2451,3655,0.3294117647058824,32.01080262160602
