target,target_name,alpha,scenario,n_failed,n_secondary,failed_fraction,cascade_rounds,failed_ids,reachable_pairs,original_pairs,unmet_fraction,mean_time_change_reachable_min
56,Perth Stn,0.0,rail_only,11,10,0.12790697674418605,1,56;140;15;17;31;36;42;6;64;72;76,782,3655,0.786046511627907,1.1690773759678112
56,Perth Stn,0.0,existing_bus,25,24,0.29069767441860467,1,56;12;140;15;162;163;17;23;28;31;33;36;37;42;48;58;6;64;72;73;76;8;84;88;99,259,3655,0.9291381668946649,2.2337943165413403
56,Perth Stn,0.05,rail_only,11,10,0.12790697674418605,1,56;140;15;17;31;36;42;6;64;72;76,782,3655,0.786046511627907,1.1690773759678112
56,Perth Stn,0.05,existing_bus,12,11,0.13953488372093023,1,56;140;15;17;31;36;42;48;6;64;72;76,1072,3655,0.706703146374829,19.897576666268236
56,Perth Stn,0.1,rail_only,11,10,0.12790697674418605,1,56;140;15;17;31;36;42;6;64;72;76,782,3655,0.786046511627907,1.1690773759678112
56,Perth Stn,0.1,existing_bus,12,11,0.13953488372093023,1,56;140;15;17;31;36;42;48;6;64;72;76,1072,3655,0.706703146374829,19.897576666268236
56,Perth Stn,0.15,rail_only,13,12,0.1511627906976744,2,56;140;15;17;31;36;42;6;72;76;162;163;99,697,3655,0.8093023255813954,0.0
56,Perth Stn,0.15,existing_bus,12,11,0.13953488372093023,1,56;140;15;17;31;36;42;48;6;64;72;76,1072,3655,0.706703146374829,19.897576666268236
56,Perth Stn,0.2,rail_only,13,12,0.1511627906976744,2,56;140;15;17;31;36;42;6;72;76;162;163;99,697,3655,0.8093023255813954,0.0
56,Perth Stn,0.2,existing_bus,22,21,0.2558139534883721,2,56;140;15;17;31;36;42;48;6;72;76;135;162;163;37;64;82;83;86;88;96;99,459,3655,0.8744186046511628,7.494900407482692
56,Perth Stn,0.25,rail_only,13,12,0.1511627906976744,2,56;140;15;17;31;36;42;6;72;76;162;163;99,697,3655,0.8093023255813954,0.0
56,Perth Stn,0.25,existing_bus,22,21,0.2558139534883721,2,56;140;15;17;31;36;42;48;6;72;76;135;162;163;37;64;82;83;86;88;96;99,459,3655,0.8744186046511628,7.494900407482692
56,Perth Stn,0.3,rail_only,13,12,0.1511627906976744,2,56;140;15;17;31;36;42;6;72;76;162;163;99,697,3655,0.8093023255813954,0.0
56,Perth Stn,0.3,existing_bus,17,16,0.19767441860465115,3,56;140;15;17;31;36;42;6;72;76;162;163;37;48;99;135;83,816,3655,0.7767441860465116,26.67144193782913
56,Perth Stn,0.35,rail_only,12,11,0.13953488372093023,2,56;140;15;17;31;36;42;6;72;76;162;163,713,3655,0.8049247606019152,0.0
56,Perth Stn,0.35,existing_bus,16,15,0.18604651162790697,3,56;140;15;17;31;36;42;6;72;76;162;163;37;48;99;83,852,3655,0.7668946648426813,27.335597076142733
56,Perth Stn,0.4,rail_only,12,11,0.13953488372093023,2,56;140;15;17;31;36;42;6;72;76;162;163,713,3655,0.8049247606019152,0.0
56,Perth Stn,0.4,existing_bus,16,15,0.18604651162790697,3,56;140;15;17;31;36;42;6;72;76;162;163;37;48;99;83,852,3655,0.7668946648426813,27.335597076142733
56,Perth Stn,0.45,rail_only,12,11,0.13953488372093023,2,56;140;15;17;31;36;42;6;72;76;162;163,713,3655,0.8049247606019152,0.0
56,Perth Stn,0.45,existing_bus,16,15,0.18604651162790697,3,56;140;15;17;31;36;42;6;72;76;162;163;37;48;99;83,852,3655,0.7668946648426813,27.335597076142733
56,Perth Stn,0.5,rail_only,11,10,0.12790697674418605,2,56;140;15;17;36;42;6;72;76;162;163,740,3655,0.7975376196990425,0.0
56,Perth Stn,0.5,existing_bus,16,15,0.18604651162790697,3,56;140;15;17;31;36;42;6;72;76;162;163;37;48;99;83,852,3655,0.7668946648426813,27.335597076142733
56,Perth Stn,0.55,rail_only,11,10,0.12790697674418605,2,56;140;15;17;36;42;6;72;76;162;163,740,3655,0.7975376196990425,0.0
56,Perth Stn,0.55,existing_bus,15,14,0.1744186046511628,3,56;140;15;17;36;42;6;72;76;162;163;37;48;99;83,889,3655,0.7567715458276334,28.01409647137651
56,Perth Stn,0.6,rail_only,11,10,0.12790697674418605,2,56;140;15;17;36;42;6;72;76;162;163,740,3655,0.7975376196990425,0.0
56,Perth Stn,0.6,existing_bus,15,14,0.1744186046511628,3,56;140;15;17;36;42;6;72;76;162;163;37;48;99;83,889,3655,0.7567715458276334,28.01409647137651
56,Perth Stn,0.65,rail_only,11,10,0.12790697674418605,2,56;140;15;17;36;42;6;72;76;162;163,740,3655,0.7975376196990425,0.0
56,Perth Stn,0.65,existing_bus,15,14,0.1744186046511628,3,56;140;15;17;36;42;6;72;76;162;163;37;48;99;83,889,3655,0.7567715458276334,28.01409647137651
56,Perth Stn,0.7,rail_only,11,10,0.12790697674418605,2,56;140;15;17;36;42;6;72;76;162;163,740,3655,0.7975376196990425,0.0
56,Perth Stn,0.7,existing_bus,14,13,0.16279069767441862,3,56;140;15;17;36;42;6;72;76;162;163;48;99;83,927,3655,0.746374829001368,27.821325891802523
56,Perth Stn,0.75,rail_only,10,9,0.11627906976744186,2,56;140;15;17;36;42;6;72;76;163,757,3655,0.7928864569083447,0.0
56,Perth Stn,0.75,existing_bus,13,12,0.1511627906976744,2,56;140;15;17;36;42;6;72;76;162;163;48;99,2052,3655,0.4385772913816689,47.16041638432471
56,Perth Stn,0.8,rail_only,10,9,0.11627906976744186,2,56;140;15;17;36;42;6;72;76;163,757,3655,0.7928864569083447,0.0
56,Perth Stn,0.8,existing_bus,13,12,0.1511627906976744,2,56;140;15;17;36;42;6;72;76;162;163;48;99,2052,3655,0.4385772913816689,47.16041638432471
56,Perth Stn,0.85,rail_only,8,7,0.09302325581395349,1,56;15;17;36;42;6;72;76,1354,3655,0.629548563611491,0.0
56,Perth Stn,0.85,existing_bus,9,8,0.10465116279069768,2,56;15;17;36;42;6;72;76;48,2382,3655,0.34829001367989054,32.2308147824974
56,Perth Stn,0.9,rail_only,7,6,0.08139534883720931,1,56;17;36;42;6;72;76,1402,3655,0.6164158686730505,0.0
56,Perth Stn,0.9,existing_bus,9,8,0.10465116279069768,2,56;15;17;36;42;6;72;76;48,2382,3655,0.34829001367989054,32.2308147824974
56,Perth Stn,0.95,rail_only,7,6,0.08139534883720931,1,56;17;36;42;6;72;76,1402,3655,0.6164158686730505,0.0
56,Perth Stn,0.95,existing_bus,8,7,0.09302325581395349,2,56;17;36;42;6;72;76;48,2451,3655,0.3294117647058824,32.01080262160602
56,Perth Stn,1.0,rail_only,6,5,0.06976744186046512,1,56;17;36;42;72;76,1451,3655,0.6030095759233927,0.0
56,Perth Stn,1.0,existing_bus,8,7,0.09302325581395349,2,56;17;36;42;6;72;76;48,2451,3655,0.3294117647058824,32.01080262160602
56,Perth Stn,1.05,rail_only,6,5,0.06976744186046512,1,56;17;36;42;72;76,1451,3655,0.6030095759233927,0.0
56,Perth Stn,1.05,existing_bus,7,6,0.08139534883720931,2,56;17;36;42;72;76;48,2521,3655,0.31025991792065666,31.790223577629476
56,Perth Stn,1.1,rail_only,6,5,0.06976744186046512,1,56;17;36;42;72;76,1451,3655,0.6030095759233927,0.0
56,Perth Stn,1.1,existing_bus,7,6,0.08139534883720931,2,56;17;36;42;72;76;48,2521,3655,0.31025991792065666,31.790223577629476
56,Perth Stn,1.15,rail_only,5,4,0.05813953488372093,1,56;17;42;72;76,1501,3655,0.5893296853625172,0.0
56,Perth Stn,1.15,existing_bus,6,5,0.06976744186046512,2,56;17;42;72;76;48,2592,3655,0.2908344733242134,31.569378878414916
56,Perth Stn,1.2,rail_only,5,4,0.05813953488372093,1,56;17;42;72;76,1501,3655,0.5893296853625172,0.0
56,Perth Stn,1.2,existing_bus,6,5,0.06976744186046512,2,56;17;42;72;76;48,2592,3655,0.2908344733242134,31.569378878414916
56,Perth Stn,1.25,rail_only,5,4,0.05813953488372093,1,56;17;42;72;76,1501,3655,0.5893296853625172,0.0
56,Perth Stn,1.25,existing_bus,6,5,0.06976744186046512,2,56;17;42;72;76;48,2592,3655,0.2908344733242134,31.569378878414916
56,Perth Stn,1.3,rail_only,4,3,0.046511627906976744,1,56;42;72;76,1552,3655,0.5753761969904241,0.0
56,Perth Stn,1.3,existing_bus,6,5,0.06976744186046512,2,56;17;42;72;76;48,2592,3655,0.2908344733242134,31.569378878414916
56,Perth Stn,1.35,rail_only,4,3,0.046511627906976744,1,56;42;72;76,1552,3655,0.5753761969904241,0.0
56,Perth Stn,1.35,existing_bus,5,4,0.05813953488372093,2,56;42;72;76;48,2664,3655,0.2711354309165527,31.348538463400534
56,Perth Stn,1.4,rail_only,4,3,0.046511627906976744,1,56;42;72;76,1552,3655,0.5753761969904241,0.0
56,Perth Stn,1.4,existing_bus,5,4,0.05813953488372093,2,56;42;72;76;48,2664,3655,0.2711354309165527,31.348538463400534
56,Perth Stn,1.45,rail_only,4,3,0.046511627906976744,1,56;42;72;76,1552,3655,0.5753761969904241,0.0
56,Perth Stn,1.45,existing_bus,5,4,0.05813953488372093,2,56;42;72;76;48,2664,3655,0.2711354309165527,31.348538463400534
56,Perth Stn,1.5,rail_only,4,3,0.046511627906976744,1,56;42;72;76,1552,3655,0.5753761969904241,0.0
56,Perth Stn,1.5,existing_bus,5,4,0.05813953488372093,2,56;42;72;76;48,2664,3655,0.2711354309165527,31.348538463400534
56,Perth Stn,1.55,rail_only,4,3,0.046511627906976744,1,56;42;72;76,1552,3655,0.5753761969904241,0.0
56,Perth Stn,1.55,existing_bus,5,4,0.05813953488372093,2,56;42;72;76;48,2664,3655,0.2711354309165527,31.348538463400534
56,Perth Stn,1.6,rail_only,3,2,0.03488372093023256,1,56;42;72,1604,3655,0.5611491108071136,0.0
56,Perth Stn,1.6,existing_bus,4,3,0.046511627906976744,2,56;42;72;48,2737,3655,0.25116279069767444,31.12794405558881
56,Perth Stn,1.65,rail_only,3,2,0.03488372093023256,1,56;42;72,1604,3655,0.5611491108071136,0.0
56,Perth Stn,1.65,existing_bus,4,3,0.046511627906976744,2,56;42;72;48,2737,3655,0.25116279069767444,31.12794405558881
56,Perth Stn,1.7,rail_only,3,2,0.03488372093023256,1,56;42;72,1604,3655,0.5611491108071136,0.0
56,Perth Stn,1.7,existing_bus,4,3,0.046511627906976744,2,56;42;72;48,2737,3655,0.25116279069767444,31.12794405558881
56,Perth Stn,1.75,rail_only,2,1,0.023255813953488372,1,56;42,2811,3655,0.2309165526675787,1.4969055781164955
56,Perth Stn,1.75,existing_bus,2,1,0.023255813953488372,1,56;42,2886,3655,0.21039671682626537,2.329797749311464
56,Perth Stn,1.8,rail_only,2,1,0.023255813953488372,1,56;42,2811,3655,0.2309165526675787,1.4969055781164955
56,Perth Stn,1.8,existing_bus,2,1,0.023255813953488372,1,56;42,2886,3655,0.21039671682626537,2.329797749311464
56,Perth Stn,1.85,rail_only,2,1,0.023255813953488372,1,56;42,2811,3655,0.2309165526675787,1.4969055781164955
56,Perth Stn,1.85,existing_bus,2,1,0.023255813953488372,1,56;42,2886,3655,0.21039671682626537,2.329797749311464
56,Perth Stn,1.9,rail_only,2,1,0.023255813953488372,1,56;42,2811,3655,0.2309165526675787,1.4969055781164955
56,Perth Stn,1.9,existing_bus,2,1,0.023255813953488372,1,56;42,2886,3655,0.21039671682626537,2.329797749311464
56,Perth Stn,1.95,rail_only,2,1,0.023255813953488372,1,56;42,2811,3655,0.2309165526675787,1.4969055781164955
56,Perth Stn,1.95,existing_bus,2,1,0.023255813953488372,1,56;42,2886,3655,0.21039671682626537,2.329797749311464
56,Perth Stn,2.0,rail_only,1,0,0.011627906976744186,0,56,3570,3655,0.023255813953488413,1.7704939521531513
56,Perth Stn,2.0,existing_bus,2,1,0.023255813953488372,1,56;42,2886,3655,0.21039671682626537,2.329797749311464
