station_id,name,lat,lon,lines,n_bus_stops,n_bus_routes,nearest_station_km,has_bus_alt
56,Perth Stn,-31.951246,115.859906,Yanchep Line;Fremantle Line;Armadale Line;Thornlie-Cockburn Line;Midland Line;Airport Line;Ellenbrook Line,30,54,0.16371805487865232,True
26,East Perth Stn,-31.944232,115.877124,Midland Line;Airport Line;Ellenbrook Line,6,19,0.7566620086154479,True
8,Leederville Stn,-31.9395,115.84020729006,Yanchep Line,8,10,0.7647117489799354,True
23,Bayswater Stn,-31.91828,115.9118,Midland Line;Airport Line;Ellenbrook Line,8,14,1.187790466221823,True
140,Perth Stadium Stn,-31.95075,115.8928,Yanchep Line;Fremantle Line;Armadale Line;Thornlie-Cockburn Line,2,11,1.2227765930632446,True
58,Carlisle Stn,-31.9802472222222,115.910302222222,Armadale Line;Thornlie-Cockburn Line,4,4,0.9839987464294938,True
88,Glendalough Stn,-31.9144601172529,115.823086504746,Yanchep Line,11,9,2.859876834975417,True
28,Beckenham Stn,-32.02253,115.954358889,Armadale Line;Thornlie-Cockburn Line,5,4,1.3913297272797238,True
73,Oats Street Stn,-31.98758,115.9161,Armadale Line;Thornlie-Cockburn Line,9,13,0.9839987464294938,True
98,Stirling Stn,-31.8941710664433,115.804586772753,Yanchep Line,17,22,2.859876834975417,True
12,Queens Park Stn,-32.0070044444,115.938391111,Armadale Line;Thornlie-Cockburn Line,2,3,0.9071226734562398,True
64,Perth Underground Stn,-31.9514616666667,115.85820124183,Yanchep Line;Fremantle Line;Mandurah Line;Airport Line,30,58,0.16371805487865232,True
16,Showgrounds Stn,-31.977085,115.78697,Fremantle Line;Airport Line,0,0,0.6351698778003508,False
100,Warwick Stn,-31.844719077,115.796398236,Yanchep Line,9,19,3.1845855968132795,True
84,Cannington Stn,-32.0132311,115.94456,Armadale Line;Thornlie-Cockburn Line,23,18,0.9071226734562398,True
135,Elizabeth Quay Stn,-31.956630844149,115.855488181576,Yanchep Line;Mandurah Line,44,44,0.6299521667986111,True
9,Greenwood Stn,-31.8183861651931,115.78322092709,Yanchep Line,2,2,2.1121765547437557,True
86,Cockburn Central Stn,-32.1252776383604,115.858341991888,Thornlie-Cockburn Line;Mandurah Line,13,18,3.3274151123799407,True
83,Canning Bridge Stn,-32.009403277174,115.856144337452,Mandurah Line,6,14,4.1693406396708825,True
82,Bull Creek Stn,-32.0468598692811,115.85418251634,Mandurah Line,12,13,2.1705417720824465,True
102,Whitfords Stn,-31.799406952,115.782332213,Yanchep Line,8,20,2.1121765547437557,True
92,Kenwick Stn,-32.0358404454194,115.969171848321,Armadale Line,5,3,2.03330184385634,True
96,Murdoch Stn,-32.0661222275,115.850487825,Mandurah Line,12,25,2.1705417720824465,True
46,Edgewater Stn,-31.7719599197974,115.778611068003,Yanchep Line,1,1,3.0725142456116705,True
30,Claremont Stn,-31.9805732679739,115.781675588235,Fremantle Line;Airport Line,17,16,0.6351698778003508,True
68,Maddington Stn,-32.04966,115.9834,Armadale Line,6,7,2.046601216319344,True
31,City West Stn,-31.9448468697898,115.845502722311,Fremantle Line;Airport Line,9,8,0.778839671170827,True
89,Gosnells Stn,-32.0714703447922,115.99990176497,Armadale Line,18,8,1.816280595209558,True
90,Joondalup Stn,-31.745485277,115.76742763,Yanchep Line,13,20,2.84755807781434,True
38,Swanbourne Stn,-31.9826464884556,115.770781188506,Fremantle Line,4,2,0.7105360416742371,True
7,Ashfield Stn,-31.9128115686275,115.936132156863,Midland Line,2,1,1.4756985147355888,True
138,Aubin Grove Stn,-32.1551978012,115.857877185,Mandurah Line,6,8,3.3274151123799407,True
19,Grant Street Stn,-31.9865844444,115.764891111,Fremantle Line,0,0,0.7105360416742371,False
4,Currambine Stn,-31.7249,115.749599,Yanchep Line,3,3,2.84755807781434,True
67,Seaforth Stn,-32.0846438889,116.011204444,Armadale Line,6,2,1.816280595209558,True
39,Bassendean Stn,-31.9035,115.9472,Midland Line,8,7,0.9034156327146848,True
93,Kwinana Stn,-32.234942254902,115.842646928105,Mandurah Line,8,7,4.022224748861015,True
34,Success Hill Stn,-31.9002081372549,115.955894019608,Midland Line,4,2,0.9034156327146848,True
101,Wellard Stn,-32.2639189542484,115.817305686274,Mandurah Line,7,4,4.022224748861015,True
91,Kelmscott Stn,-32.1132389832285,116.013248469602,Armadale Line,12,8,1.4571948719344288,True
85,Clarkson Stn,-31.6905215092034,115.738003206749,Yanchep Line,6,9,3.9784415744434036,True
156,Morley Stn,-31.89597515909142,115.919934991613,Ellenbrook Line,14,9,2.3396702588043774,True
50,Cottesloe Stn,-31.9970207843137,115.760915718954,Fremantle Line,5,8,1.1613674062452541,True
97,Rockingham Stn,-32.289870751634,115.761335784314,Mandurah Line,14,13,4.145154496984181,True
133,Butler Stn,-31.6354,115.7001,Yanchep Line,7,9,2.369418124315545,True
24,Guildford Stn,-31.898944248366,115.965990228758,Midland Line,3,2,0.969382292829121,True
5,Mosman Park Stn,-32.0070196309112,115.757384842368,Fremantle Line,4,6,0.5700858932112786,True
2,Challis Stn,-32.1263405556,116.012937222,Armadale Line,2,1,1.2748761820497772,True
157,Noranda Stn,-31.875,115.918,Ellenbrook Line,2,2,2.3396702588043774,True
99,Thornlie Stn,-32.0472,115.9524,Thornlie-Cockburn Line,12,11,2.03330184385634,True
72,Claisebrook Stn,-31.9495719370047,115.872187418549,Armadale Line;Thornlie-Cockburn Line;Midland Line;Airport Line;Ellenbrook Line,11,12,0.5995143848310569,True
163,Ranford Rd Stn,-32.076,115.897,Thornlie-Cockburn Line,9,10,3.9285832779018905,True
162,Nicholson Rd Stn,-32.0613783333333,115.934645555556,Thornlie-Cockburn Line,11,9,2.308815160236043,True
15,West Leederville Stn,-31.9426394444445,115.833045457516,Fremantle Line;Airport Line,7,9,0.7647117489799354,True
59,East Guildford Stn,-31.8963930430604,115.980065676663,Midland Line,5,2,1.3525314654780247,True
158,Ballajura Stn,-31.84977616820285,115.92254229200545,Ellenbrook Line,12,11,2.837889358332808,True
74,Warnbro Stn,-32.326722746478,115.767902540085,Mandurah Line,7,14,4.145154496984181,True
66,Sherwood Stn,-32.1376083333,116.010460556,Armadale Line,2,1,1.2748761820497772,True
153,Alkimos Stn,-31.6151,115.692520555,Yanchep Line,7,5,2.369418124315545,True
32,Victoria Street Stn,-32.011718496732,115.754985,Fremantle Line,9,7,0.5700858932112786,True
147,Redcliffe Stn,-31.9335694444445,115.950073888889,Airport Line,9,8,2.6279748369208695,True
42,Loch Street Stn,-31.9717225163399,115.791536013072,Fremantle Line;Airport Line,2,2,0.5749296706069478,True
6,Subiaco Stn,-31.9446881699346,115.824100555556,Fremantle Line;Airport Line,7,3,0.879774339042468,True
154,Eglinton Stn,-31.5838,115.6725,Yanchep Line,6,6,3.966323496859147,True
159,Whiteman Park Stn,-31.8358894444444,115.963836666667,Ellenbrook Line,10,7,4.215948772694887,True
1,North Fremantle Stn,-32.0295472222222,115.751859705882,Fremantle Line,8,7,2.004662766621169,True
150,Lakelands Stn,-32.4736877777778,115.770676666667,Mandurah Line,8,6,6.326264901431435,True
41,Woodbridge Stn,-31.8915,115.9931,Midland Line,6,4,0.9126099328853717,True
148,Airport Central Stn,-31.9441083333334,115.974833888889,Airport Line,2,3,2.038182115904664,True
43,Armadale Stn,-32.1536,116.013,Armadale Line,17,15,1.794562972727384,True
76,Karrakatta Stn,-31.9683724183007,115.796145588235,Fremantle Line;Airport Line,0,0,0.5749296706069478,False
44,Mt Lawley Stn,-31.9348561111,115.880862222,Midland Line;Airport Line;Ellenbrook Line,6,7,1.1014220099936036,True
36,Daglish Stn,-31.9518985947713,115.813259313726,Fremantle Line;Airport Line,4,1,1.1321216669392915,True
33,Burswood Stn,-31.9598900413535,115.899956109201,Armadale Line;Thornlie-Cockburn Line,7,6,1.2227765930632446,True
17,Shenton Park Stn,-31.9596009150327,115.80546620915,Fremantle Line;Airport Line,5,10,1.1321216669392915,True
37,Meltham Stn,-31.9224616694751,115.900294878119,Midland Line;Airport Line;Ellenbrook Line,2,3,1.028795127289654,True
48,Victoria Park Stn,-31.9715605555556,115.902151666667,Armadale Line;Thornlie-Cockburn Line,2,2,1.2379896451098384,True
49,Maylands Stn,-31.9282811111,115.891876111,Midland Line;Airport Line;Ellenbrook Line,7,6,1.028795127289654,True
22,Mciver Stn,-31.9517538889,115.866416667,Armadale Line;Thornlie-Cockburn Line;Midland Line;Airport Line;Ellenbrook Line,7,16,0.5995143848310569,True
87,Fremantle Stn,-32.0519297991524,115.745192259448,Fremantle Line,16,25,2.5682756839732934,True
95,Midland Stn,-31.8918,116.0027,Midland Line,19,30,0.9126099328853717,True
94,Mandurah Stn,-32.5268152596063,115.746858773579,Mandurah Line,14,19,6.326264901431435,True
155,Yanchep Stn,-31.532285555,115.64393,Yanchep Line,6,5,6.338868099043396,True
149,High Wycombe Stn,-31.9545122222222,115.992497222222,Airport Line,8,11,2.038182115904664,True
160,Ellenbrook Stn,-31.781323589,115.963300501,Ellenbrook Line,12,12,6.067936912672113,True
164,Byford Stn,-32.2167605555556,116.007221802,Armadale Line,13,10,7.044872305947517,True
