station_id,name,n_bus_stops,n_bus_routes,bus_route_ids
1,North Fremantle Stn,8,7,PAT-CIR-3593;PAT-CIR-3594;SCT-CIR-3593;SCT-CIR-3594;SWA-CIR-3593;SWA-CIR-3594;SWA-CLA-1706
2,Challis Stn,2,1,SWA-RRP-3857
4,Currambine Stn,3,3,SWA-JOO-3947;SWA-JOO-3948;SWA-RRP-3855
5,Mosman Park Stn,4,6,PAT-CIR-3593;PAT-CIR-3594;SCT-CIR-3593;SCT-CIR-3594;SWA-CIR-3593;SWA-CIR-3594
6,Subiaco Stn,7,3,SWA-CLA-1647;SWA-CLA-1657;SWA-MAR-4112
7,Ashfield Stn,2,1,PAT-RRP-3854
8,Leederville Stn,8,10,SCT-PCA-2850;SWA-CLA-3865;SWA-MAR-2481;SWA-MAR-2483;SWA-MAR-3000;SWA-MAR-758;SWA-MAR-771;SWA-MAR-773;SWA-RRP-3855;SWA-SES-3978
9,Greenwood Stn,2,2,SWA-MAR-2515;SWA-RRP-3855
12,Queens Park Stn,2,3,PAT-KAL-4283;SWA-RRP-3857;SWA-RRP-3858
15,West Leederville Stn,7,9,SWA-CLA-1647;SWA-CLA-1657;SWA-CLA-3865;SWA-MAR-2483;SWA-MAR-3000;SWA-MAR-4112;SWA-MAR-758;SWA-MAR-771;SWA-MAR-773
16,Showgrounds Stn,0,0,
17,Shenton Park Stn,5,10,PAT-CIR-3593;PAT-CIR-3594;SCT-CIR-3593;SCT-CIR-3594;SWA-CIR-3593;SWA-CIR-3594;SWA-CLA-1644;SWA-CLA-1645;SWA-CLA-1646;SWA-CLA-1647
19,Grant Street Stn,0,0,
22,Mciver Stn,7,16,PAT-KAL-2714;PAT-KAL-3615;PAT-KAL-4300;PAT-MOR-3095;PAT-MOR-3096;PAT-MOR-3614;PAT-MOR-4198;PAT-MOR-4199;PAT-RRP-3854;PAT-RRP-4114;SCT-PCA-2;SCT-PCA-905;SWA-RRP-3857;SWA-RRP-3858;SWA-RRP-4247;SWA-SRI-1463
23,Bayswater Stn,8,14,PAT-CIR-3593;PAT-CIR-3594;PAT-MOR-3095;PAT-MOR-4198;PAT-MOR-4200;PAT-MOR-4201;PAT-MOR-4244;PAT-RRP-3854;PAT-RRP-4114;SCT-CIR-3593;SCT-CIR-3594;SWA-CIR-3593;SWA-CIR-3594;SWA-RRP-4247
24,Guildford Stn,3,2,PAT-KAL-4162;PAT-RRP-3854
26,East Perth Stn,6,19,PAT-MOR-3095;PAT-MOR-3096;PAT-MOR-4198;PAT-MOR-4199;PAT-RRP-3854;PAT-RRP-4114;SWA-RRP-4247;TRA-TRA-2146;TRA-TRA-2147;TRA-TRA-2148;TRA-TRA-2149;TRA-TRA-2160;TRA-TRA-2164;TRA-TRA-2173;TRA-TRA-2176;TRA-TRA-2177;TRA-TRA-2178;TRA-TRA-3611;TRA-TRA-4178
28,Beckenham Stn,5,4,PAT-KAL-4338;SWA-RRP-3857;SWA-RRP-3858;SWA-SRI-4339
30,Claremont Stn,17,16,PAT-CIR-3593;PAT-CIR-3594;SCT-CIR-3593;SCT-CIR-3594;SWA-CIR-3593;SWA-CIR-3594;SWA-CLA-1643;SWA-CLA-1644;SWA-CLA-1645;SWA-CLA-1646;SWA-CLA-1647;SWA-CLA-1658;SWA-CLA-1706;SWA-CLA-1707;SWA-CLA-4028;SWA-SES-4289
31,City West Stn,9,8,SCT-PCA-2850;SCT-PCA-905;SWA-CLA-1647;SWA-MAR-2483;SWA-MAR-3000;SWA-MAR-758;SWA-MAR-771;SWA-MAR-773
32,Victoria Street Stn,9,7,PAT-CIR-3593;PAT-CIR-3594;SCT-CIR-3593;SCT-CIR-3594;SWA-CIR-3593;SWA-CIR-3594;SWA-CLA-1706
33,Burswood Stn,7,6,PAT-KAL-2715;PAT-KAL-3564;PAT-KAL-4058;PAT-KAL-4161;SWA-RRP-3857;SWA-RRP-3858
34,Success Hill Stn,4,2,PAT-RRP-3854;SWA-MID-4235
36,Daglish Stn,4,1,SWA-CLA-1646
37,Meltham Stn,2,3,PAT-RRP-3854;PAT-RRP-4114;SWA-RRP-4247
38,Swanbourne Stn,4,2,SWA-CLA-1646;SWA-CLA-1707
39,Bassendean Stn,8,7,PAT-MOR-4200;PAT-MOR-4201;PAT-MOR-4233;PAT-MOR-4234;PAT-RRP-3854;SWA-MID-4235;SWA-SES-3981
41,Woodbridge Stn,6,4,PAT-KAL-4162;PAT-KAL-4163;PAT-RRP-3854;SWA-MID-3029
42,Loch Street Stn,2,2,SWA-CLA-1646;SWA-CLA-1647
43,Armadale Stn,17,15,SWA-CAN-1783;SWA-RRP-3857;SWA-SRI-1463;SWA-SRI-148;SWA-SRI-149;SWA-SRI-150;SWA-SRI-152;SWA-SRI-153;SWA-SRI-4022;SWA-SRI-4174;SWA-SRI-4299;SWA-SRI-4306;TRA-TRA-2146;TRA-TRA-2164;TRA-TRA-4178
44,Mt Lawley Stn,6,7,PAT-MOR-3095;PAT-MOR-3096;PAT-MOR-4198;PAT-MOR-4199;PAT-RRP-3854;PAT-RRP-4114;SWA-RRP-4247
46,Edgewater Stn,1,1,SWA-RRP-3855
48,Victoria Park Stn,2,2,SWA-RRP-3857;SWA-RRP-3858
49,Maylands Stn,7,6,PAT-MOR-3095;PAT-MOR-3096;PAT-MOR-4198;PAT-RRP-3854;PAT-RRP-4114;SWA-RRP-4247
50,Cottesloe Stn,5,8,PAT-CIR-3593;PAT-CIR-3594;SCT-CIR-3593;SCT-CIR-3594;SWA-CIR-3593;SWA-CIR-3594;SWA-CLA-1706;SWA-CLA-1707
56,Perth Stn,30,54,PAT-KAL-2706;PAT-KAL-2707;PAT-KAL-2710;PAT-KAL-2714;PAT-KAL-3615;PAT-KAL-4300;PAT-MOR-3093;PAT-MOR-3095;PAT-MOR-3096;PAT-MOR-3105;PAT-MOR-3106;PAT-MOR-3142;PAT-MOR-3614;PAT-MOR-3709;PAT-MOR-4125;PAT-MOR-4198;PAT-MOR-4199;PAT-MOR-4246;PAT-MOR-4346;PAT-RRP-3854;PAT-RRP-4114;PAT-SES-4180;SCT-FRE-2759;SCT-PCA-1;SCT-PCA-2;SCT-PCA-905;SCT-RRP-3859;SCT-RRP-4168;SWA-CLA-1647;SWA-CLA-2982;SWA-CLA-4319;SWA-JOO-3928;SWA-JOO-3930;SWA-JOO-3931;SWA-JOO-3957;SWA-JOO-4245;SWA-JOO-4256;SWA-MAR-1857;SWA-MAR-2248;SWA-MAR-2471;SWA-MAR-2481;SWA-MAR-2483;SWA-MAR-2497;SWA-MAR-2570;SWA-MAR-3000;SWA-MAR-758;SWA-MAR-771;SWA-MAR-773;SWA-RRP-3855;SWA-RRP-3857;SWA-RRP-3858;SWA-RRP-4247;SWA-SES-4181;SWA-SRI-1463
58,Carlisle Stn,4,4,PAT-KAL-2714;PAT-KAL-2726;SWA-RRP-3857;SWA-RRP-3858
59,East Guildford Stn,5,2,PAT-KAL-4162;PAT-RRP-3854
64,Perth Underground Stn,30,58,PAT-KAL-2706;PAT-KAL-2707;PAT-KAL-2710;PAT-KAL-2714;PAT-KAL-2715;PAT-KAL-3564;PAT-KAL-3615;PAT-KAL-4058;PAT-KAL-4161;PAT-KAL-4300;PAT-MOR-3093;PAT-MOR-3095;PAT-MOR-3096;PAT-MOR-3105;PAT-MOR-3106;PAT-MOR-3142;PAT-MOR-3614;PAT-MOR-3709;PAT-MOR-4125;PAT-MOR-4198;PAT-MOR-4199;PAT-MOR-4246;PAT-MOR-4346;PAT-RRP-3854;PAT-RRP-4114;PAT-SES-4180;SCT-FRE-2759;SCT-PCA-1;SCT-PCA-2;SCT-PCA-905;SCT-RRP-3859;SCT-RRP-4168;SWA-CLA-1647;SWA-CLA-2982;SWA-CLA-4319;SWA-JOO-3928;SWA-JOO-3930;SWA-JOO-3931;SWA-JOO-3957;SWA-JOO-4245;SWA-JOO-4256;SWA-MAR-1857;SWA-MAR-2248;SWA-MAR-2471;SWA-MAR-2481;SWA-MAR-2483;SWA-MAR-2497;SWA-MAR-2570;SWA-MAR-3000;SWA-MAR-758;SWA-MAR-771;SWA-MAR-773;SWA-RRP-3855;SWA-RRP-3857;SWA-RRP-3858;SWA-RRP-4247;SWA-SES-4181;SWA-SRI-1463
66,Sherwood Stn,2,1,SWA-RRP-3857
67,Seaforth Stn,6,2,SWA-RRP-3857;SWA-SRI-1463
68,Maddington Stn,6,7,PAT-KAL-2989;SWA-RRP-3857;SWA-SRI-141;SWA-SRI-1463;SWA-SRI-4277;SWA-SRI-4339;SWA-SRI-815
72,Claisebrook Stn,11,12,PAT-KAL-4300;PAT-MOR-3095;PAT-MOR-3096;PAT-MOR-4198;PAT-MOR-4199;PAT-RRP-3854;PAT-RRP-4114;PAT-SES-3979;SCT-PCA-905;SWA-RRP-3857;SWA-RRP-3858;SWA-RRP-4247
73,Oats Street Stn,9,13,PAT-CIR-3593;PAT-CIR-3594;PAT-KAL-2724;PAT-KAL-2725;PAT-KAL-2727;PAT-KAL-4095;PAT-KAL-4267;SCT-CIR-3593;SCT-CIR-3594;SWA-CIR-3593;SWA-CIR-3594;SWA-RRP-3857;SWA-RRP-3858
74,Warnbro Stn,7,14,SCT-ROC-1802;SCT-ROC-1803;SCT-ROC-1804;SCT-ROC-1805;SCT-ROC-1807;SCT-ROC-2572;SCT-ROC-2959;SCT-ROC-2960;SCT-ROC-2961;SCT-ROC-3439;SCT-ROC-3512;SCT-ROC-4023;SCT-ROC-4144;SCT-RRP-3859
76,Karrakatta Stn,0,0,
82,Bull Creek Stn,12,13,SCT-FRE-2803;SCT-FRE-2805;SCT-FRE-2806;SCT-FRE-2807;SCT-FRE-2808;SCT-FRE-4007;SCT-RRP-3859;SWA-CAN-3835;SWA-CAN-4268;SWA-CAN-4269;SWA-CAN-4270;SWA-CAN-4271;SWA-CAN-4272
83,Canning Bridge Stn,6,14,PAT-KAL-2706;PAT-KAL-4340;PAT-KAL-4344;SCT-FRE-2759;SCT-FRE-2797;SCT-FRE-2799;SCT-FRE-2801;SCT-FRE-2802;SCT-FRE-2809;SCT-FRE-3612;SCT-FRE-3624;SCT-RRP-3859;SCT-SES-3985;SCT-SES-3986
84,Cannington Stn,23,18,PAT-KAL-2710;PAT-KAL-4160;PAT-KAL-4283;PAT-KAL-4284;PAT-KAL-4300;PAT-KAL-4338;PAT-KAL-4344;SWA-CAN-1473;SWA-CAN-1785;SWA-CAN-1788;SWA-CAN-4268;SWA-CAN-4270;SWA-CAN-4271;SWA-CAN-4272;SWA-CAN-4342;SWA-RRP-3857;SWA-RRP-3858;SWA-SRI-4339
85,Clarkson Stn,6,9,SWA-JOO-3946;SWA-JOO-3948;SWA-JOO-3949;SWA-JOO-3950;SWA-JOO-3951;SWA-JOO-3952;SWA-JOO-3953;SWA-JOO-4195;SWA-RRP-3855
86,Cockburn Central Stn,13,18,SCT-FRE-2812;SCT-FRE-2813;SCT-FRE-2815;SCT-FRE-2816;SCT-FRE-2817;SCT-FRE-2818;SCT-FRE-2819;SCT-RRP-3859;SWA-CAN-1775;SWA-CAN-2551;SWA-CAN-4316;SWA-CAN-4317;SWA-RRP-3858;SWA-SRI-4016;SWA-SRI-4299;TRA-TRA-2148;TRA-TRA-2149;TRA-TRA-2160
87,Fremantle Stn,16,25,PAT-CIR-3593;PAT-CIR-3594;SCT-CIR-3593;SCT-CIR-3594;SCT-FRE-2759;SCT-FRE-2797;SCT-FRE-2799;SCT-FRE-2801;SCT-FRE-2802;SCT-FRE-2803;SCT-FRE-2805;SCT-FRE-2810;SCT-FRE-2811;SCT-FRE-2813;SCT-FRE-2817;SCT-FRE-2818;SCT-FRE-2819;SCT-FRE-3005;SCT-FRE-4007;SCT-ROC-3622;SCT-ROC-3623;SCT-SES-3986;SWA-CIR-3593;SWA-CIR-3594;SWA-CLA-1706
88,Glendalough Stn,11,9,PAT-MOR-3180;SWA-MAR-1857;SWA-MAR-2481;SWA-MAR-2498;SWA-MAR-2503;SWA-MAR-2504;SWA-MAR-4112;SWA-MAR-758;SWA-RRP-3855
89,Gosnells Stn,18,8,SWA-RRP-3857;SWA-SRI-141;SWA-SRI-142;SWA-SRI-1463;SWA-SRI-4016;SWA-SRI-4281;SWA-SRI-4282;SWA-SRI-821
90,Joondalup Stn,13,20,SWA-JCA-3958;SWA-JCA-3959;SWA-JCA-3960;SWA-JOO-3932;SWA-JOO-3933;SWA-JOO-3935;SWA-JOO-3936;SWA-JOO-3937;SWA-JOO-3938;SWA-JOO-3939;SWA-JOO-3940;SWA-JOO-3941;SWA-JOO-3942;SWA-JOO-3943;SWA-JOO-3945;SWA-JOO-3946;SWA-JOO-3947;SWA-JOO-3948;SWA-RRP-3855;TRA-TRA-3611
91,Kelmscott Stn,12,8,SWA-RRP-3857;SWA-SRI-146;SWA-SRI-1463;SWA-SRI-147;SWA-SRI-148;SWA-SRI-149;SWA-SRI-150;SWA-SRI-4022
92,Kenwick Stn,5,3,SWA-RRP-3857;SWA-SRI-1463;SWA-SRI-4339
93,Kwinana Stn,8,7,SCT-ROC-1816;SCT-ROC-1817;SCT-ROC-1818;SCT-ROC-1819;SCT-ROC-4018;SCT-RRP-3859;TRA-TRA-4178
94,Mandurah Stn,14,19,MBC-MPJ-3152;SCT-ROC-1808;SCT-ROC-1809;SCT-ROC-1810;SCT-ROC-1812;SCT-ROC-1813;SCT-ROC-1815;SCT-ROC-1863;SCT-ROC-2144;SCT-ROC-2631;SCT-ROC-2642;SCT-ROC-2742;SCT-ROC-2980;SCT-ROC-3488;SCT-ROC-4145;SCT-RRP-3859;TRA-TRA-2148;TRA-TRA-2149;TRA-TRA-2160
95,Midland Stn,19,30,PAT-KAL-4162;PAT-KAL-4163;PAT-KAL-4203;PAT-KAL-4204;PAT-KAL-4341;PAT-RRP-3854;SWA-MID-3029;SWA-MID-3031;SWA-MID-3032;SWA-MID-3033;SWA-MID-3034;SWA-MID-3035;SWA-MID-3036;SWA-MID-3037;SWA-MID-3038;SWA-MID-3039;SWA-MID-3040;SWA-MID-3041;SWA-MID-3042;SWA-MID-3513;SWA-MID-3812;SWA-MID-4219;SWA-MID-4236;SWA-MID-4237;SWA-MSH-2094;TRA-TRA-2147;TRA-TRA-2173;TRA-TRA-2176;TRA-TRA-2177;TRA-TRA-2178
96,Murdoch Stn,12,25,PAT-CIR-3593;PAT-CIR-3594;SCT-CIR-3593;SCT-CIR-3594;SCT-FRE-2806;SCT-FRE-2807;SCT-FRE-2808;SCT-FRE-2809;SCT-FRE-2810;SCT-FRE-2811;SCT-FRE-2812;SCT-FRE-3005;SCT-RRP-3859;SWA-CAN-1775;SWA-CAN-1782;SWA-CAN-1783;SWA-CAN-1784;SWA-CAN-1785;SWA-CAN-1788;SWA-CAN-1852;SWA-CAN-2551;SWA-CAN-4273;SWA-CIR-3593;SWA-CIR-3594;SWA-SRI-4277
97,Rockingham Stn,14,13,SCT-ROC-1797;SCT-ROC-1798;SCT-ROC-1799;SCT-ROC-1800;SCT-ROC-1801;SCT-ROC-1802;SCT-ROC-1803;SCT-ROC-1804;SCT-ROC-1855;SCT-ROC-1878;SCT-ROC-3622;SCT-ROC-3623;SCT-RRP-3859
98,Stirling Stn,17,22,PAT-CIR-3593;PAT-CIR-3594;SCT-CIR-3593;SCT-CIR-3594;SWA-CIR-3593;SWA-CIR-3594;SWA-MAR-2248;SWA-MAR-2497;SWA-MAR-2500;SWA-MAR-2502;SWA-MAR-2503;SWA-MAR-2504;SWA-MAR-2505;SWA-MAR-2506;SWA-MAR-2507;SWA-MAR-2508;SWA-MAR-2510;SWA-MAR-2554;SWA-MAR-2569;SWA-MAR-2634;SWA-MAR-4321;SWA-RRP-3855
99,Thornlie Stn,12,11,SWA-CAN-1788;SWA-CAN-1852;SWA-RRP-3858;SWA-SRI-133;SWA-SRI-141;SWA-SRI-3535;SWA-SRI-4279;SWA-SRI-4280;SWA-SRI-4281;SWA-SRI-4282;SWA-SRI-4291
100,Warwick Stn,9,19,PAT-MOR-3967;PAT-MOR-4241;PAT-MOR-4244;SWA-JOO-3934;SWA-JOO-3965;SWA-MAR-2506;SWA-MAR-2508;SWA-MAR-2510;SWA-MAR-2512;SWA-MAR-2513;SWA-MAR-2514;SWA-MAR-2515;SWA-MAR-2516;SWA-MAR-2517;SWA-MAR-2518;SWA-MAR-2569;SWA-MAR-2570;SWA-MAR-4240;SWA-RRP-3855
101,Wellard Stn,7,4,SCT-ROC-1817;SCT-ROC-1818;SCT-ROC-4018;SCT-RRP-3859
102,Whitfords Stn,8,20,SWA-JOO-3935;SWA-JOO-3936;SWA-JOO-3937;SWA-JOO-3938;SWA-JOO-3939;SWA-JOO-3940;SWA-JOO-3941;SWA-JOO-3942;SWA-JOO-3943;SWA-JOO-3966;SWA-JOO-4242;SWA-MAR-2512;SWA-MAR-2513;SWA-MAR-2514;SWA-MAR-2515;SWA-MAR-2516;SWA-MAR-2517;SWA-MAR-2518;SWA-MID-4243;SWA-RRP-3855
133,Butler Stn,7,9,SWA-JOO-3950;SWA-JOO-3951;SWA-JOO-3952;SWA-JOO-3953;SWA-JOO-4191;SWA-JOO-4192;SWA-JOO-4193;SWA-JOO-4194;SWA-RRP-3855
135,Elizabeth Quay Stn,44,44,PAT-KAL-2706;PAT-KAL-2707;PAT-KAL-2708;PAT-KAL-2709;PAT-KAL-2710;PAT-KAL-2711;PAT-KAL-2715;PAT-KAL-3564;PAT-KAL-4058;PAT-KAL-4161;PAT-KAL-4267;PAT-MOR-3095;PAT-MOR-3096;PAT-MOR-3142;PAT-MOR-4125;PAT-MOR-4198;PAT-MOR-4199;PAT-MOR-4246;PAT-SES-4180;SCT-FRE-2759;SCT-FRE-2797;SCT-FRE-2801;SCT-FRE-2802;SCT-FRE-3612;SCT-FRE-3624;SCT-PCA-1;SCT-PCA-2;SCT-PCA-2850;SCT-PCA-4066;SCT-RRP-3859;SCT-RRP-4168;SWA-CAN-1473;SWA-CAN-3835;SWA-CAN-4342;SWA-CAN-4343;SWA-CLA-1643;SWA-CLA-1644;SWA-CLA-1646;SWA-CLA-1658;SWA-CLA-2982;SWA-CLA-4028;SWA-CLA-4319;SWA-SRI-3535;SWA-SRI-4291
138,Aubin Grove Stn,6,8,SCT-FRE-2815;SCT-FRE-2816;SCT-FRE-3742;SCT-FRE-3744;SCT-RRP-3859;SCT-RRP-4168;SWA-CAN-4317;SWA-CAN-4318
140,Perth Stadium Stn,2,11,PAT-SES-3979;PAT-SES-3980;PAT-SES-3982;SCT-SES-3985;SCT-SES-3986;SWA-RRP-3857;SWA-RRP-3858;SWA-SES-3978;SWA-SES-3981;SWA-SES-3983;SWA-SES-3984
147,Redcliffe Stn,9,8,PAT-KAL-2715;PAT-KAL-2732;PAT-KAL-3564;PAT-KAL-4154;PAT-KAL-4161;PAT-KAL-4162;PAT-KAL-4163;PAT-RRP-4114
148,Airport Central Stn,2,3,PAT-KAL-4095;PAT-KAL-4284;PAT-RRP-4114
149,High Wycombe Stn,8,11,PAT-KAL-2732;PAT-KAL-4058;PAT-KAL-4059;PAT-KAL-4108;PAT-KAL-4109;PAT-KAL-4129;PAT-KAL-4160;PAT-KAL-4203;PAT-KAL-4204;PAT-RRP-4114;PAT-SES-3982
150,Lakelands Stn,8,6,SCT-ROC-2144;SCT-ROC-2631;SCT-ROC-4144;SCT-ROC-4145;SCT-ROC-4146;SCT-RRP-3859
153,Alkimos Stn,7,5,SWA-JOO-3955;SWA-JOO-4187;SWA-JOO-4191;SWA-JOO-4192;SWA-RRP-3855
154,Eglinton Stn,6,6,SWA-JOO-3955;SWA-JOO-4187;SWA-JOO-4188;SWA-JOO-4189;SWA-JOO-4190;SWA-RRP-3855
155,Yanchep Stn,6,5,SWA-JOO-4186;SWA-JOO-4188;SWA-JOO-4189;SWA-JOO-4190;SWA-RRP-3855
156,Morley Stn,14,9,PAT-MOR-3142;PAT-MOR-4230;PAT-MOR-4231;PAT-MOR-4232;PAT-MOR-4234;PAT-MOR-4246;SWA-CLA-2982;SWA-CLA-4319;SWA-RRP-4247
157,Noranda Stn,2,2,PAT-MOR-4250;SWA-RRP-4247
158,Ballajura Stn,12,11,PAT-MOR-3711;PAT-MOR-3967;PAT-MOR-4229;PAT-MOR-4231;PAT-MOR-4232;PAT-MOR-4234;PAT-MOR-4238;PAT-MOR-4241;SWA-JOO-3934;SWA-JOO-4242;SWA-RRP-4247
159,Whiteman Park Stn,10,7,PAT-MOR-4233;SWA-MID-4226;SWA-MID-4228;SWA-MID-4235;SWA-MID-4236;SWA-MID-4237;SWA-RRP-4247
160,Ellenbrook Stn,12,12,SWA-MID-3029;SWA-MID-4220;SWA-MID-4221;SWA-MID-4222;SWA-MID-4223;SWA-MID-4224;SWA-MID-4225;SWA-MID-4226;SWA-MID-4227;SWA-MID-4228;SWA-MID-4243;SWA-RRP-4247
162,Nicholson Rd Stn,11,9,SWA-CAN-1784;SWA-CAN-1785;SWA-CAN-4269;SWA-CAN-4273;SWA-CAN-4292;SWA-RRP-3858;SWA-SRI-133;SWA-SRI-4279;SWA-SRI-815
163,Ranford Rd Stn,9,10,SWA-CAN-1783;SWA-CAN-1784;SWA-CAN-1785;SWA-CAN-1788;SWA-CAN-1852;SWA-CAN-2551;SWA-CAN-4292;SWA-CAN-4343;SWA-RRP-3858;SWA-SRI-4277
164,Byford Stn,13,10,SWA-RRP-3857;SWA-SRI-153;SWA-SRI-2638;SWA-SRI-4174;SWA-SRI-4304;SWA-SRI-4305;SWA-SRI-4306;SWA-SRI-4307;SWA-SRI-4315;TRA-TRA-4178
