station_a,station_b,trips,distance_m
1,32,28,2004.24007749
1,87,28,2566.94785289
100,9,60,3181.73135248
100,98,60,5552.91404392
101,93,39,4007.61171181
101,97,39,6001.22950983
102,46,44,3072.17023405
102,9,60,2112.06243858
12,73,48,3013.95457287
12,84,48,904.268046291
133,153,41,2368.58869042
133,85,41,7101.84380795
135,64,121,629.204195175
135,83,61,5868.35314498
138,86,39,3327.25813562
138,93,39,8982.24445053
140,33,48,1220.13648916
140,72,48,1949.20097108
147,148,26,2613.8099112
147,23,26,3992.18652618
148,149,26,2028.72086805
15,31,52,1200.77807522
15,6,52,874.213517912
150,74,39,16343.8411979
150,94,39,6315.68292086
153,154,41,3963.38665675
154,155,41,6335.58109647
156,157,24,2339.47568925
156,23,24,2596.33984454
157,158,24,2837.37711973
158,159,24,4195.17856493
159,160,24,6067.65782328
16,30,52,632.313692482
16,42,52,735.55694501
162,163,22,3902.11220124
162,99,22,2298.96270155
163,86,22,6579.04308727
164,43,26,7044.15296019
17,36,52,1128.75613399
17,76,52,1313.16849762
19,38,28,707.348179111
19,50,28,1219.52523675
2,66,26,1274.43888619
2,91,26,1457.12323019
22,56,122,616.862215048
22,72,122,596.078324294
23,37,74,1181.22630636
23,7,24,2375.73402223
24,34,24,963.405808002
24,59,24,1358.71909623
26,44,74,1100.6088005
26,72,74,754.665897618
28,84,48,1386.58569746
28,92,26,2034.81817661
28,99,22,2749.38645611
30,38,28,1053.07604481
31,56,52,1533.99066961
32,5,28,569.383806361
33,48,48,1314.12602659
34,39,24,898.637880111
36,6,52,1299.6647048
37,49,74,1024.69343137
39,7,24,1470.88590073
4,85,44,3976.98574849
4,90,44,2842.92045865
41,59,24,1345.45527334
41,95,24,906.948792225
42,76,52,572.567769039
43,66,26,1794.1931896
44,49,74,1270.74987487
46,90,44,3127.9730344
48,58,48,1234.51359709
5,50,28,1160.60387975
58,73,48,981.750947594
64,8,60,2156.77403902
67,89,26,1811.01715358
67,91,26,3185.45367174
68,89,26,2880.94113201
68,92,26,2039.55994696
74,97,39,4143.96706685
8,88,60,3219.16489735
82,83,61,4169.08699808
82,96,61,2169.99330773
86,96,61,6619.26037698
88,98,60,2852.95280424
