alpha,fail_targeted_load,gcc_targeted_load,fail_targeted_degree,gcc_targeted_degree,fail_random_mean,fail_random_std,gcc_random_mean,gcc_random_std
0.0,1.0,0.0,1.0,0.0,0.8873255813953487,0.31308966001486005,0.11267441860465117,0.31308966001486005
0.025,1.0,0.0,1.0,0.0,0.8873255813953487,0.31308966001486005,0.11267441860465117,0.31308966001486005
0.05,1.0,0.0,1.0,0.0,0.8873255813953487,0.31308966001486005,0.11267441860465117,0.31308966001486005
0.075,1.0,0.0,1.0,0.0,0.8873255813953487,0.31308966001486005,0.11267441860465117,0.31308966001486005
0.1,1.0,0.0,1.0,0.0,0.8873255813953487,0.31308966001486005,0.11267441860465117,0.31308966001486005
0.125,1.0,0.0,1.0,0.0,0.8873255813953487,0.31308966001486005,0.11267441860465117,0.31308966001486005
0.15,1.0,0.0,1.0,0.0,0.8741472868217054,0.3284917243889223,0.1255426356589147,0.3276874001386119
0.175,1.0,0.0,1.0,0.0,0.8741472868217054,0.3284917243889223,0.1255426356589147,0.3276874001386119
0.2,1.0,0.0,1.0,0.0,0.8741472868217054,0.3284917243889223,0.1255426356589147,0.3276874001386119
0.225,1.0,0.0,1.0,0.0,0.861279069767442,0.3423752452283307,0.13825581395348838,0.34123721730087664
0.25,1.0,0.0,1.0,0.0,0.8283333333333334,0.37357396464538817,0.16864341085271314,0.3671872564253463
0.275,1.0,0.0,1.0,0.0,0.8283333333333334,0.37357396464538817,0.16864341085271314,0.3671872564253463
0.3,1.0,0.0,1.0,0.0,0.8283333333333334,0.37357396464538817,0.16864341085271314,0.3671872564253463
0.325,1.0,0.0,1.0,0.0,0.81515503875969,0.3845573434477821,0.18089147286821705,0.37655873789350486
0.35,1.0,0.0,1.0,0.0,0.81515503875969,0.3845573434477821,0.18089147286821705,0.37655873789350486
0.375,1.0,0.0,1.0,0.0,0.8052713178294574,0.39230287327311614,0.18864341085271316,0.3807129203016813
0.4,1.0,0.0,1.0,0.0,0.8052713178294574,0.39230287327311614,0.18864341085271316,0.3807129203016813
0.425,1.0,0.0,1.0,0.0,0.8052713178294574,0.39230287327311614,0.18864341085271316,0.3807129203016813
0.45,1.0,0.0,1.0,0.0,0.7605426356589147,0.4211723503139186,0.22705426356589148,0.40178683439960694
0.475,1.0,0.0,1.0,0.0,0.7243023255813953,0.4410619927509421,0.24639534883720926,0.40308670778971983
0.5,1.0,0.0,1.0,0.0,0.7144186046511628,0.445821656834369,0.25356589147286823,0.4050579276648425
0.525,0.011627906976744186,0.5465116279069767,1.0,0.0,0.0248062015503876,0.11336397638738344,0.8458527131782947,0.17759794392310965
0.55,0.011627906976744186,0.5465116279069767,0.011627906976744186,0.813953488372093,0.011627906976744186,0.0,0.8567054263565891,0.14797722215850564
0.575,0.011627906976744186,0.5465116279069767,0.011627906976744186,0.813953488372093,0.011627906976744186,0.0,0.8567054263565891,0.14797722215850564
0.6,0.011627906976744186,0.5465116279069767,0.011627906976744186,0.813953488372093,0.011627906976744186,0.0,0.8567054263565891,0.14797722215850564
