trigger,trigger_name,alpha,scenario,delta_n_failed,delta_unmet_fraction,common_reachable_fraction,bus_minus_rail_time_common_min
56,Perth Stn,0.0,manual_bus,-11,-0.3562243502051984,0.15047879616963064,0.0
56,Perth Stn,0.0,candidate_bus,-14,-0.8495212038303693,0.15047879616963064,-1.0020927495134508
56,Perth Stn,0.05,manual_bus,-10,-0.34993160054719563,0.1567715458276334,0.0
56,Perth Stn,0.05,candidate_bus,-13,-0.8432284541723666,0.1567715458276334,-0.9857496493615425
56,Perth Stn,0.1,manual_bus,-9,-0.3433652530779754,0.16333789329685364,0.0
56,Perth Stn,0.1,candidate_bus,-12,-0.8366621067031463,0.16333789329685364,-0.9589917687369012
56,Perth Stn,0.15,manual_bus,-8,-0.33652530779753764,0.17017783857729138,0.0
56,Perth Stn,0.15,candidate_bus,-11,-0.8298221614227086,0.17017783857729138,-0.9328000366361672
56,Perth Stn,0.2,manual_bus,-8,-0.4604651162790697,0.17729138166894665,0.0
56,Perth Stn,0.2,candidate_bus,-10,-0.8227086183310534,0.17729138166894665,-0.9109841992081544
56,Perth Stn,0.25,manual_bus,-8,-0.4604651162790697,0.17729138166894665,0.0
56,Perth Stn,0.25,candidate_bus,-10,-0.8227086183310534,0.17729138166894665,-0.9109841992081544
56,Perth Stn,0.3,manual_bus,-6,-0.4487004103967167,0.1890560875512996,0.0
56,Perth Stn,0.3,candidate_bus,-8,-0.8109439124487003,0.1890560875512996,-0.8963290530972605
56,Perth Stn,0.35,manual_bus,-5,-0.4410396716826265,0.1967168262653899,0.0
56,Perth Stn,0.35,candidate_bus,-7,-0.8032831737346101,0.1967168262653899,-0.9158562387374506
56,Perth Stn,0.4,manual_bus,-5,-0.4410396716826265,0.1967168262653899,0.0
56,Perth Stn,0.4,candidate_bus,-7,-0.8032831737346101,0.1967168262653899,-0.9158562387374506
56,Perth Stn,0.45,manual_bus,-4,-0.4363885088919288,0.20136798905608755,0.0
56,Perth Stn,0.45,candidate_bus,-6,-0.7986320109439125,0.20136798905608755,-0.9239555073841603
56,Perth Stn,0.5,manual_bus,-4,-0.4363885088919288,0.20136798905608755,0.0
56,Perth Stn,0.5,candidate_bus,-6,-0.7986320109439125,0.20136798905608755,-0.9239555073841603
56,Perth Stn,0.55,manual_bus,-3,-0.3545827633378933,0.28317373461012313,0.0
56,Perth Stn,0.55,candidate_bus,-5,-0.7168262653898769,0.28317373461012313,-1.1765425929918139
56,Perth Stn,0.6,manual_bus,-3,-0.3545827633378933,0.28317373461012313,0.0
56,Perth Stn,0.6,candidate_bus,-6,-0.7168262653898769,0.28317373461012313,-1.2014045178446149
56,Perth Stn,0.65,manual_bus,-2,-0.34965800273597814,0.2880984952120383,0.0
56,Perth Stn,0.65,candidate_bus,-5,-0.7119015047879618,0.2880984952120383,-1.185428495428914
56,Perth Stn,0.7,manual_bus,-2,-0.34965800273597814,0.2880984952120383,0.0
56,Perth Stn,0.7,candidate_bus,-5,-0.7119015047879618,0.2880984952120383,-1.185428495428914
56,Perth Stn,0.75,manual_bus,-2,-0.34965800273597814,0.2880984952120383,0.0
56,Perth Stn,0.75,candidate_bus,-5,-0.7119015047879618,0.2880984952120383,-1.185428495428914
56,Perth Stn,0.8,manual_bus,-1,-0.34445964432284537,0.293296853625171,0.0
56,Perth Stn,0.8,candidate_bus,-4,-0.706703146374829,0.293296853625171,-1.1688980740710044
56,Perth Stn,0.85,manual_bus,-1,-0.34445964432284537,0.293296853625171,0.0
56,Perth Stn,0.85,candidate_bus,-4,-0.706703146374829,0.293296853625171,-1.1688980740710044
56,Perth Stn,0.9,manual_bus,-2,-0.3627906976744186,0.293296853625171,0.0
56,Perth Stn,0.9,candidate_bus,-4,-0.706703146374829,0.293296853625171,-1.1688980740710044
56,Perth Stn,0.95,manual_bus,-2,-0.3627906976744186,0.293296853625171,0.0
56,Perth Stn,0.95,candidate_bus,-4,-0.706703146374829,0.293296853625171,-1.1688980740710044
56,Perth Stn,1.0,manual_bus,-1,-0.3170998632010944,0.3389876880984952,0.0
56,Perth Stn,1.0,candidate_bus,-3,-0.6610123119015048,0.3389876880984952,-1.0423559105277453
56,Perth Stn,1.05,manual_bus,-1,-0.3170998632010944,0.3389876880984952,0.0
56,Perth Stn,1.05,candidate_bus,-3,-0.6610123119015048,0.3389876880984952,-1.0423559105277453
56,Perth Stn,1.1,manual_bus,-1,-0.3170998632010944,0.3389876880984952,0.0
56,Perth Stn,1.1,candidate_bus,-3,-0.6610123119015048,0.3389876880984952,-1.0423559105277453
56,Perth Stn,1.15,manual_bus,-1,-0.3170998632010944,0.3389876880984952,0.0
56,Perth Stn,1.15,candidate_bus,-3,-0.6610123119015048,0.3389876880984952,-1.0423559105277453
56,Perth Stn,1.2,manual_bus,-2,-0.33570451436388504,0.3389876880984952,0.0
56,Perth Stn,1.2,candidate_bus,-3,-0.6610123119015048,0.3389876880984952,-1.0423559105277453
56,Perth Stn,1.25,manual_bus,-2,-0.33570451436388504,0.3389876880984952,0.0
56,Perth Stn,1.25,candidate_bus,-3,-0.6610123119015048,0.3389876880984952,-1.0423559105277453
56,Perth Stn,1.3,manual_bus,-2,-0.33570451436388504,0.3389876880984952,0.0
56,Perth Stn,1.3,candidate_bus,-3,-0.6610123119015048,0.3389876880984952,-1.0423559105277453
56,Perth Stn,1.35,manual_bus,-2,-0.33570451436388504,0.3389876880984952,0.0
56,Perth Stn,1.35,candidate_bus,-3,-0.6610123119015048,0.3389876880984952,-1.0423559105277453
56,Perth Stn,1.4,manual_bus,-2,-0.33570451436388504,0.3389876880984952,0.0
56,Perth Stn,1.4,candidate_bus,-3,-0.6610123119015048,0.3389876880984952,-1.0423559105277453
56,Perth Stn,1.45,manual_bus,-2,-0.33570451436388504,0.3389876880984952,0.0
56,Perth Stn,1.45,candidate_bus,-3,-0.6610123119015048,0.3389876880984952,-1.0423559105277453
56,Perth Stn,1.5,manual_bus,-2,-0.33570451436388504,0.3389876880984952,0.0
56,Perth Stn,1.5,candidate_bus,-3,-0.6610123119015048,0.3389876880984952,-1.0423559105277453
56,Perth Stn,1.55,manual_bus,-3,-0.3545827633378933,0.3389876880984952,0.0
56,Perth Stn,1.55,candidate_bus,-3,-0.6610123119015048,0.3389876880984952,-1.0423559105277453
56,Perth Stn,1.6,manual_bus,-3,-0.3545827633378933,0.3389876880984952,0.0
56,Perth Stn,1.6,candidate_bus,-3,-0.6610123119015048,0.3389876880984952,-1.0423559105277453
56,Perth Stn,1.65,manual_bus,-3,-0.3545827633378933,0.3389876880984952,0.0
56,Perth Stn,1.65,candidate_bus,-3,-0.6610123119015048,0.3389876880984952,-1.0423559105277453
56,Perth Stn,1.7,manual_bus,-3,-0.3545827633378933,0.3389876880984952,0.0
56,Perth Stn,1.7,candidate_bus,-3,-0.6610123119015048,0.3389876880984952,-1.0423559105277453
56,Perth Stn,1.75,manual_bus,-3,-0.3545827633378933,0.3389876880984952,0.0
56,Perth Stn,1.75,candidate_bus,-3,-0.6610123119015048,0.3389876880984952,-1.0423559105277453
56,Perth Stn,1.8,manual_bus,-3,-0.3545827633378933,0.3389876880984952,0.0
56,Perth Stn,1.8,candidate_bus,-3,-0.6610123119015048,0.3389876880984952,-1.0423559105277453
56,Perth Stn,1.85,manual_bus,-3,-0.3545827633378933,0.3389876880984952,0.0
56,Perth Stn,1.85,candidate_bus,-3,-0.6610123119015048,0.3389876880984952,-1.0423559105277453
56,Perth Stn,1.9,manual_bus,-3,-0.3545827633378933,0.3389876880984952,0.0
56,Perth Stn,1.9,candidate_bus,-3,-0.6610123119015048,0.3389876880984952,-1.0423559105277453
56,Perth Stn,1.95,manual_bus,-3,-0.3545827633378933,0.3389876880984952,0.0
56,Perth Stn,1.95,candidate_bus,-3,-0.6610123119015048,0.3389876880984952,-1.0423559105277453
56,Perth Stn,2.0,manual_bus,-3,-0.3545827633378933,0.3389876880984952,0.0
56,Perth Stn,2.0,candidate_bus,-3,-0.6610123119015048,0.3389876880984952,-1.0423559105277453
23,Bayswater Stn,0.0,manual_bus,0,-0.019151846785225746,0.6700410396716826,0.0
23,Bayswater Stn,0.0,candidate_bus,8,-0.3299589603283174,0.6700410396716826,3.6517592934356546
23,Bayswater Stn,0.05,manual_bus,0,-0.019151846785225746,0.6700410396716826,0.0
23,Bayswater Stn,0.05,candidate_bus,1,-0.3299589603283174,0.6700410396716826,-4.257366487903484
23,Bayswater Stn,0.1,manual_bus,0,-0.019151846785225746,0.6700410396716826,0.0
23,Bayswater Stn,0.1,candidate_bus,1,-0.3299589603283174,0.6700410396716826,-4.257366487903484
23,Bayswater Stn,0.15,manual_bus,0,-0.019151846785225746,0.6700410396716826,0.0
23,Bayswater Stn,0.15,candidate_bus,1,-0.3299589603283174,0.6700410396716826,-4.257366487903484
23,Bayswater Stn,0.2,manual_bus,0,-0.019151846785225746,0.6700410396716826,0.0
23,Bayswater Stn,0.2,candidate_bus,1,-0.3299589603283174,0.6700410396716826,-4.257366487903484
23,Bayswater Stn,0.25,manual_bus,0,-0.019151846785225746,0.6700410396716826,0.0
23,Bayswater Stn,0.25,candidate_bus,1,-0.3299589603283174,0.6700410396716826,-4.257366487903484
23,Bayswater Stn,0.3,manual_bus,0,-0.019151846785225746,0.6700410396716826,0.0
23,Bayswater Stn,0.3,candidate_bus,1,-0.3299589603283174,0.6700410396716826,-4.257366487903484
23,Bayswater Stn,0.35,manual_bus,0,-0.019151846785225746,0.6700410396716826,0.0
23,Bayswater Stn,0.35,candidate_bus,1,-0.3299589603283174,0.6700410396716826,-4.257366487903484
23,Bayswater Stn,0.4,manual_bus,0,-0.019151846785225746,0.6700410396716826,0.0
23,Bayswater Stn,0.4,candidate_bus,1,-0.3299589603283174,0.6700410396716826,-4.257366487903484
23,Bayswater Stn,0.45,manual_bus,0,-0.019151846785225746,0.6700410396716826,0.0
23,Bayswater Stn,0.45,candidate_bus,1,-0.3299589603283174,0.6700410396716826,-4.257366487903484
23,Bayswater Stn,0.5,manual_bus,0,-0.019151846785225746,0.6700410396716826,0.0
23,Bayswater Stn,0.5,candidate_bus,1,-0.3299589603283174,0.6700410396716826,-4.257366487903484
23,Bayswater Stn,0.55,manual_bus,0,-0.019151846785225746,0.6700410396716826,0.0
23,Bayswater Stn,0.55,candidate_bus,1,-0.3299589603283174,0.6700410396716826,-4.257366487903484
23,Bayswater Stn,0.6,manual_bus,0,-0.019151846785225746,0.6700410396716826,0.0
23,Bayswater Stn,0.6,candidate_bus,0,-0.3299589603283174,0.6700410396716826,-4.333379767627791
23,Bayswater Stn,0.65,manual_bus,0,-0.019151846785225746,0.6700410396716826,0.0
23,Bayswater Stn,0.65,candidate_bus,0,-0.3299589603283174,0.6700410396716826,-4.333379767627791
23,Bayswater Stn,0.7,manual_bus,0,-0.019151846785225746,0.6700410396716826,0.0
23,Bayswater Stn,0.7,candidate_bus,0,-0.3299589603283174,0.6700410396716826,-4.333379767627791
23,Bayswater Stn,0.75,manual_bus,0,-0.019151846785225746,0.6700410396716826,0.0
23,Bayswater Stn,0.75,candidate_bus,0,-0.3299589603283174,0.6700410396716826,-4.333379767627791
23,Bayswater Stn,0.8,manual_bus,0,-0.019151846785225746,0.6700410396716826,0.0
23,Bayswater Stn,0.8,candidate_bus,0,-0.3299589603283174,0.6700410396716826,-4.333379767627791
23,Bayswater Stn,0.85,manual_bus,0,-0.019151846785225746,0.6700410396716826,0.0
23,Bayswater Stn,0.85,candidate_bus,0,-0.3299589603283174,0.6700410396716826,-4.333379767627791
23,Bayswater Stn,0.9,manual_bus,0,-0.019151846785225746,0.6700410396716826,0.0
23,Bayswater Stn,0.9,candidate_bus,0,-0.3299589603283174,0.6700410396716826,-4.333379767627791
23,Bayswater Stn,0.95,manual_bus,0,-0.019151846785225746,0.6700410396716826,0.0
23,Bayswater Stn,0.95,candidate_bus,0,-0.3299589603283174,0.6700410396716826,-4.333379767627791
23,Bayswater Stn,1.0,manual_bus,0,-0.019151846785225746,0.6700410396716826,0.0
23,Bayswater Stn,1.0,candidate_bus,0,-0.3299589603283174,0.6700410396716826,-4.333379767627791
23,Bayswater Stn,1.05,manual_bus,0,-0.019151846785225746,0.6700410396716826,0.0
23,Bayswater Stn,1.05,candidate_bus,0,-0.3299589603283174,0.6700410396716826,-4.333379767627791
23,Bayswater Stn,1.1,manual_bus,0,-0.019151846785225746,0.6700410396716826,0.0
23,Bayswater Stn,1.1,candidate_bus,0,-0.3299589603283174,0.6700410396716826,-4.333379767627791
23,Bayswater Stn,1.15,manual_bus,0,-0.019151846785225746,0.6700410396716826,0.0
23,Bayswater Stn,1.15,candidate_bus,0,-0.3299589603283174,0.6700410396716826,-4.333379767627791
23,Bayswater Stn,1.2,manual_bus,0,-0.019151846785225746,0.6700410396716826,0.0
23,Bayswater Stn,1.2,candidate_bus,0,-0.3299589603283174,0.6700410396716826,-4.333379767627791
23,Bayswater Stn,1.25,manual_bus,0,-0.019151846785225746,0.6700410396716826,0.0
23,Bayswater Stn,1.25,candidate_bus,0,-0.3299589603283174,0.6700410396716826,-4.333379767627791
23,Bayswater Stn,1.3,manual_bus,0,-0.019151846785225746,0.6700410396716826,0.0
23,Bayswater Stn,1.3,candidate_bus,0,-0.3299589603283174,0.6700410396716826,-4.333379767627791
23,Bayswater Stn,1.35,manual_bus,0,-0.019151846785225746,0.6700410396716826,0.0
23,Bayswater Stn,1.35,candidate_bus,0,-0.3299589603283174,0.6700410396716826,-4.333379767627791
23,Bayswater Stn,1.4,manual_bus,0,-0.019151846785225746,0.6700410396716826,0.0
23,Bayswater Stn,1.4,candidate_bus,0,-0.3299589603283174,0.6700410396716826,-4.333379767627791
23,Bayswater Stn,1.45,manual_bus,0,-0.019151846785225746,0.6700410396716826,0.0
23,Bayswater Stn,1.45,candidate_bus,0,-0.3299589603283174,0.6700410396716826,-4.333379767627791
23,Bayswater Stn,1.5,manual_bus,0,-0.019151846785225746,0.6700410396716826,0.0
23,Bayswater Stn,1.5,candidate_bus,0,-0.3299589603283174,0.6700410396716826,-4.333379767627791
23,Bayswater Stn,1.55,manual_bus,0,-0.019151846785225746,0.6700410396716826,0.0
23,Bayswater Stn,1.55,candidate_bus,0,-0.3299589603283174,0.6700410396716826,-4.333379767627791
23,Bayswater Stn,1.6,manual_bus,0,-0.019151846785225746,0.6700410396716826,0.0
23,Bayswater Stn,1.6,candidate_bus,0,-0.3299589603283174,0.6700410396716826,-4.333379767627791
23,Bayswater Stn,1.65,manual_bus,0,-0.019151846785225746,0.6700410396716826,0.0
23,Bayswater Stn,1.65,candidate_bus,0,-0.3299589603283174,0.6700410396716826,-4.333379767627791
23,Bayswater Stn,1.7,manual_bus,0,-0.019151846785225746,0.6700410396716826,0.0
23,Bayswater Stn,1.7,candidate_bus,0,-0.3299589603283174,0.6700410396716826,-4.333379767627791
23,Bayswater Stn,1.75,manual_bus,0,-0.019151846785225746,0.6700410396716826,0.0
23,Bayswater Stn,1.75,candidate_bus,0,-0.3299589603283174,0.6700410396716826,-4.333379767627791
23,Bayswater Stn,1.8,manual_bus,0,-0.019151846785225746,0.6700410396716826,0.0
23,Bayswater Stn,1.8,candidate_bus,0,-0.3299589603283174,0.6700410396716826,-4.333379767627791
23,Bayswater Stn,1.85,manual_bus,0,-0.019151846785225746,0.6700410396716826,0.0
23,Bayswater Stn,1.85,candidate_bus,0,-0.3299589603283174,0.6700410396716826,-4.333379767627791
23,Bayswater Stn,1.9,manual_bus,0,-0.019151846785225746,0.6700410396716826,0.0
23,Bayswater Stn,1.9,candidate_bus,0,-0.3299589603283174,0.6700410396716826,-4.333379767627791
23,Bayswater Stn,1.95,manual_bus,0,-0.019151846785225746,0.6700410396716826,0.0
23,Bayswater Stn,1.95,candidate_bus,0,-0.3299589603283174,0.6700410396716826,-4.333379767627791
23,Bayswater Stn,2.0,manual_bus,0,-0.019151846785225746,0.6700410396716826,0.0
23,Bayswater Stn,2.0,candidate_bus,0,-0.3299589603283174,0.6700410396716826,-4.333379767627791
28,Beckenham Stn,0.0,manual_bus,0,-0.1967168262653899,0.33707250341997264,0.0
28,Beckenham Stn,0.0,candidate_bus,18,-0.5493844049247606,0.2768809849521204,11.885416593878482
28,Beckenham Stn,0.05,manual_bus,0,-0.016689466484268167,0.5170998632010944,0.0
28,Beckenham Stn,0.05,candidate_bus,-4,-0.48290013679890564,0.5170998632010944,-3.8559001686593515
28,Beckenham Stn,0.1,manual_bus,0,-0.016689466484268167,0.5170998632010944,0.0
28,Beckenham Stn,0.1,candidate_bus,-4,-0.48290013679890564,0.5170998632010944,-3.8559001686593515
28,Beckenham Stn,0.15,manual_bus,0,-0.016689466484268167,0.5255813953488372,0.0
28,Beckenham Stn,0.15,candidate_bus,-3,-0.4744186046511628,0.5255813953488372,-3.793675855682548
28,Beckenham Stn,0.2,manual_bus,0,-0.016689466484268167,0.5255813953488372,0.0
28,Beckenham Stn,0.2,candidate_bus,-3,-0.4744186046511628,0.5255813953488372,-3.793675855682548
28,Beckenham Stn,0.25,manual_bus,0,-0.016689466484268167,0.5255813953488372,0.0
28,Beckenham Stn,0.25,candidate_bus,-3,-0.4744186046511628,0.5255813953488372,-3.793675855682548
28,Beckenham Stn,0.3,manual_bus,0,-0.016963064295485664,0.5422708618331054,0.0
28,Beckenham Stn,0.3,candidate_bus,-2,-0.45772913816689464,0.5422708618331054,-3.8402639723151633
28,Beckenham Stn,0.35,manual_bus,0,0.0,0.559233926128591,0.0
28,Beckenham Stn,0.35,candidate_bus,-1,-0.440766073871409,0.559233926128591,-3.917067247813838
28,Beckenham Stn,0.4,manual_bus,0,0.0,0.7896032831737346,0.0
28,Beckenham Stn,0.4,candidate_bus,1,-0.21039671682626537,0.7896032831737346,-5.580307398347942
28,Beckenham Stn,0.45,manual_bus,0,0.0,0.7896032831737346,0.0
28,Beckenham Stn,0.45,candidate_bus,1,-0.21039671682626537,0.7896032831737346,-5.580307398347942
28,Beckenham Stn,0.5,manual_bus,0,0.0,0.7896032831737346,0.0
28,Beckenham Stn,0.5,candidate_bus,1,-0.21039671682626537,0.7896032831737346,-5.580307398347942
28,Beckenham Stn,0.55,manual_bus,0,0.0,0.7896032831737346,0.0
28,Beckenham Stn,0.55,candidate_bus,1,-0.21039671682626537,0.7896032831737346,-5.580307398347942
28,Beckenham Stn,0.6,manual_bus,0,0.0,0.7896032831737346,0.0
28,Beckenham Stn,0.6,candidate_bus,1,-0.21039671682626537,0.7896032831737346,-5.580307398347942
28,Beckenham Stn,0.65,manual_bus,0,0.0,0.7896032831737346,0.0
28,Beckenham Stn,0.65,candidate_bus,0,-0.21039671682626537,0.7896032831737346,-5.655717804656444
28,Beckenham Stn,0.7,manual_bus,0,0.0,0.7896032831737346,0.0
28,Beckenham Stn,0.7,candidate_bus,0,-0.21039671682626537,0.7896032831737346,-5.655717804656444
28,Beckenham Stn,0.75,manual_bus,0,0.0,0.7896032831737346,0.0
28,Beckenham Stn,0.75,candidate_bus,0,-0.21039671682626537,0.7896032831737346,-5.655717804656444
28,Beckenham Stn,0.8,manual_bus,0,0.0,0.7896032831737346,0.0
28,Beckenham Stn,0.8,candidate_bus,0,-0.21039671682626537,0.7896032831737346,-5.655717804656444
28,Beckenham Stn,0.85,manual_bus,0,0.0,0.7896032831737346,0.0
28,Beckenham Stn,0.85,candidate_bus,0,-0.21039671682626537,0.7896032831737346,-5.655717804656444
28,Beckenham Stn,0.9,manual_bus,0,0.0,0.7896032831737346,0.0
28,Beckenham Stn,0.9,candidate_bus,0,-0.21039671682626537,0.7896032831737346,-5.655717804656444
28,Beckenham Stn,0.95,manual_bus,0,0.0,0.7896032831737346,0.0
28,Beckenham Stn,0.95,candidate_bus,0,-0.21039671682626537,0.7896032831737346,-5.655717804656444
28,Beckenham Stn,1.0,manual_bus,0,0.0,0.7896032831737346,0.0
28,Beckenham Stn,1.0,candidate_bus,0,-0.21039671682626537,0.7896032831737346,-5.655717804656444
28,Beckenham Stn,1.05,manual_bus,0,0.0,0.7896032831737346,0.0
28,Beckenham Stn,1.05,candidate_bus,0,-0.21039671682626537,0.7896032831737346,-5.655717804656444
28,Beckenham Stn,1.1,manual_bus,0,0.0,0.7896032831737346,0.0
28,Beckenham Stn,1.1,candidate_bus,0,-0.21039671682626537,0.7896032831737346,-5.655717804656444
28,Beckenham Stn,1.15,manual_bus,0,0.0,0.7896032831737346,0.0
28,Beckenham Stn,1.15,candidate_bus,0,-0.21039671682626537,0.7896032831737346,-5.655717804656444
28,Beckenham Stn,1.2,manual_bus,0,0.0,0.7896032831737346,0.0
28,Beckenham Stn,1.2,candidate_bus,0,-0.21039671682626537,0.7896032831737346,-5.655717804656444
28,Beckenham Stn,1.25,manual_bus,0,0.0,0.7896032831737346,0.0
28,Beckenham Stn,1.25,candidate_bus,0,-0.21039671682626537,0.7896032831737346,-5.655717804656444
28,Beckenham Stn,1.3,manual_bus,0,0.0,0.7896032831737346,0.0
28,Beckenham Stn,1.3,candidate_bus,0,-0.21039671682626537,0.7896032831737346,-5.655717804656444
28,Beckenham Stn,1.35,manual_bus,0,0.0,0.7896032831737346,0.0
28,Beckenham Stn,1.35,candidate_bus,0,-0.21039671682626537,0.7896032831737346,-5.655717804656444
28,Beckenham Stn,1.4,manual_bus,0,0.0,0.7896032831737346,0.0
28,Beckenham Stn,1.4,candidate_bus,0,-0.21039671682626537,0.7896032831737346,-5.655717804656444
28,Beckenham Stn,1.45,manual_bus,0,0.0,0.7896032831737346,0.0
28,Beckenham Stn,1.45,candidate_bus,0,-0.21039671682626537,0.7896032831737346,-5.655717804656444
28,Beckenham Stn,1.5,manual_bus,0,0.0,0.7896032831737346,0.0
28,Beckenham Stn,1.5,candidate_bus,0,-0.21039671682626537,0.7896032831737346,-5.655717804656444
28,Beckenham Stn,1.55,manual_bus,0,0.0,0.7896032831737346,0.0
28,Beckenham Stn,1.55,candidate_bus,0,-0.21039671682626537,0.7896032831737346,-5.655717804656444
28,Beckenham Stn,1.6,manual_bus,0,0.0,0.7896032831737346,0.0
28,Beckenham Stn,1.6,candidate_bus,0,-0.21039671682626537,0.7896032831737346,-5.655717804656444
28,Beckenham Stn,1.65,manual_bus,0,0.0,0.7896032831737346,0.0
28,Beckenham Stn,1.65,candidate_bus,0,-0.21039671682626537,0.7896032831737346,-5.655717804656444
28,Beckenham Stn,1.7,manual_bus,0,0.0,0.7896032831737346,0.0
28,Beckenham Stn,1.7,candidate_bus,0,-0.21039671682626537,0.7896032831737346,-5.655717804656444
28,Beckenham Stn,1.75,manual_bus,0,0.0,0.7896032831737346,0.0
28,Beckenham Stn,1.75,candidate_bus,0,-0.21039671682626537,0.7896032831737346,-5.655717804656444
28,Beckenham Stn,1.8,manual_bus,0,0.0,0.7896032831737346,0.0
28,Beckenham Stn,1.8,candidate_bus,0,-0.21039671682626537,0.7896032831737346,-5.655717804656444
28,Beckenham Stn,1.85,manual_bus,0,0.0,0.7896032831737346,0.0
28,Beckenham Stn,1.85,candidate_bus,0,-0.21039671682626537,0.7896032831737346,-5.655717804656444
28,Beckenham Stn,1.9,manual_bus,0,0.0,0.7896032831737346,0.0
28,Beckenham Stn,1.9,candidate_bus,0,-0.21039671682626537,0.7896032831737346,-5.655717804656444
28,Beckenham Stn,1.95,manual_bus,0,0.0,0.7896032831737346,0.0
28,Beckenham Stn,1.95,candidate_bus,0,-0.21039671682626537,0.7896032831737346,-5.655717804656444
28,Beckenham Stn,2.0,manual_bus,0,0.0,0.7896032831737346,0.0
28,Beckenham Stn,2.0,candidate_bus,0,-0.21039671682626537,0.7896032831737346,-5.655717804656444
