trigger,trigger_name,alpha,scenario,round,n_failed,n_secondary,removed_ids,next_failed_ids,reachable_pairs,original_pairs,unmet_fraction,mean_time_change_reachable_min
56,Perth Stn,0.0,rail_only,0,1,0,56,12;135;162;163;28;33;48;58;73;82;83;84;86;96;99,2535,3655,0.3064295485636115,14.464415312771962
56,Perth Stn,0.0,rail_only,1,16,15,12;135;162;163;28;33;48;58;73;82;83;84;86;96;99,,550,3655,0.8495212038303693,0.0
56,Perth Stn,0.0,manual_bus,0,1,0,56,162;163;86;99,2535,3655,0.3064295485636115,9.032868367727312
56,Perth Stn,0.0,manual_bus,1,5,4,162;163;86;99,,1852,3655,0.49329685362517095,12.592193082099179
56,Perth Stn,0.0,candidate_bus,0,1,0,56,87,3655,3655,0.0,-3.835200277519757
56,Perth Stn,0.0,candidate_bus,1,2,1,87,,3655,3655,0.0,-3.7762850172830924
56,Perth Stn,0.2,rail_only,0,1,0,56,12;135;162;163;28;82;83;84;86;96;99,2535,3655,0.3064295485636115,14.464415312771962
56,Perth Stn,0.2,rail_only,1,12,11,12;135;162;163;28;82;83;84;86;96;99,,648,3655,0.8227086183310534,0.0
56,Perth Stn,0.2,manual_bus,0,1,0,56,162;163;99,2535,3655,0.3064295485636115,9.032868367727312
56,Perth Stn,0.2,manual_bus,1,4,3,162;163;99,,2331,3655,0.36224350205198363,14.755450380459173
56,Perth Stn,0.2,candidate_bus,0,1,0,56,87,3655,3655,0.0,-3.835200277519757
56,Perth Stn,0.2,candidate_bus,1,2,1,87,,3655,3655,0.0,-3.7762850172830924
23,Bayswater Stn,0.0,rail_only,0,1,0,23,,2449,3655,0.3299589603283174,0.0
23,Bayswater Stn,0.0,manual_bus,0,1,0,23,,2519,3655,0.31080711354309165,0.8095546912896942
23,Bayswater Stn,0.0,candidate_bus,0,1,0,23,158;33;87,3655,3655,0.0,-1.5480186024648683
23,Bayswater Stn,0.0,candidate_bus,1,4,3,158;33;87,102;147;148;24,3655,3655,0.0,0.5184841507962152
23,Bayswater Stn,0.0,candidate_bus,2,8,7,102;147;148;24,160,3655,3655,0.0,7.210607601251177
23,Bayswater Stn,0.0,candidate_bus,3,9,8,160,,3655,3655,0.0,7.505431159996304
23,Bayswater Stn,0.2,rail_only,0,1,0,23,,2449,3655,0.3299589603283174,0.0
23,Bayswater Stn,0.2,manual_bus,0,1,0,23,,2519,3655,0.31080711354309165,0.8095546912896942
23,Bayswater Stn,0.2,candidate_bus,0,1,0,23,87,3655,3655,0.0,-1.5480186024648683
23,Bayswater Stn,0.2,candidate_bus,1,2,1,87,,3655,3655,0.0,-1.4879886379797949
28,Beckenham Stn,0.0,rail_only,0,1,0,28,135;64;82;83;86;96,2886,3655,0.21039671682626537,1.7821572581411682
28,Beckenham Stn,0.0,rail_only,1,7,6,135;64;82;83;86;96,,1232,3655,0.6629274965800274,0.0
28,Beckenham Stn,0.0,manual_bus,0,1,0,28,135;64;82;83;86;96,2886,3655,0.21039671682626537,1.7821572581411682
28,Beckenham Stn,0.0,manual_bus,1,7,6,135;64;82;83;86;96,,1951,3655,0.4662106703146375,10.008765194119361
28,Beckenham Stn,0.0,candidate_bus,0,1,0,28,87;96,3655,3655,0.0,-2.44583269122351
28,Beckenham Stn,0.0,candidate_bus,1,3,2,87;96,12;140;162;163;33;48;58;73,3655,3655,0.0,-0.02057849743114832
28,Beckenham Stn,0.0,candidate_bus,2,11,10,12;140;162;163;33;48;58;73,147;148;16;17;30;42;76,3570,3655,0.023255813953488413,3.4827381951728174
28,Beckenham Stn,0.0,candidate_bus,3,18,17,147;148;16;17;30;42;76,24;34;39;7,3403,3655,0.06894664842681264,5.4439330861818584
28,Beckenham Stn,0.0,candidate_bus,4,22,21,24;34;39;7,156;158;159,3321,3655,0.09138166894664845,7.484901312656452
28,Beckenham Stn,0.0,candidate_bus,5,25,24,156;158;159,,3240,3655,0.11354309165526677,9.098746433874632
28,Beckenham Stn,0.2,rail_only,0,1,0,28,135;82;83;96,2886,3655,0.21039671682626537,1.7821572581411682
28,Beckenham Stn,0.2,rail_only,1,5,4,135;82;83;96,,1921,3655,0.4744186046511628,0.0
28,Beckenham Stn,0.2,manual_bus,0,1,0,28,135;82;83;96,2886,3655,0.21039671682626537,1.7821572581411682
28,Beckenham Stn,0.2,manual_bus,1,5,4,135;82;83;96,,1982,3655,0.45772913816689464,1.1415174552822571
28,Beckenham Stn,0.2,candidate_bus,0,1,0,28,87,3655,3655,0.0,-2.44583269122351
28,Beckenham Stn,0.2,candidate_bus,1,2,1,87,,3655,3655,0.0,-2.3842805375891007
