trigger,trigger_name,alpha,scenario,n_failed,n_secondary,failed_fraction,rounds,failed_ids,reachable_pairs,original_pairs,unmet_fraction,mean_time_change_reachable_min
56,Perth Stn,0.0,rail_only,16,15,0.18604651162790697,1,56;12;135;162;163;28;33;48;58;73;82;83;84;86;96;99,550,3655,0.8495212038303693,0.0
56,Perth Stn,0.0,manual_bus,5,4,0.05813953488372093,1,56;162;163;86;99,1852,3655,0.49329685362517095,12.592193082099179
56,Perth Stn,0.0,candidate_bus,2,1,0.023255813953488372,1,56;87,3655,3655,0.0,-3.7762850172830924
56,Perth Stn,0.05,rail_only,15,14,0.1744186046511628,1,56;12;135;162;163;28;48;58;73;82;83;84;86;96;99,573,3655,0.8432284541723666,0.0
56,Perth Stn,0.05,manual_bus,5,4,0.05813953488372093,1,56;162;163;86;99,1852,3655,0.49329685362517095,12.592193082099179
56,Perth Stn,0.05,candidate_bus,2,1,0.023255813953488372,1,56;87,3655,3655,0.0,-3.7762850172830924
56,Perth Stn,0.1,rail_only,14,13,0.16279069767441862,1,56;12;135;162;163;28;58;73;82;83;84;86;96;99,597,3655,0.8366621067031463,0.0
56,Perth Stn,0.1,manual_bus,5,4,0.05813953488372093,1,56;162;163;86;99,1852,3655,0.49329685362517095,12.592193082099179
56,Perth Stn,0.1,candidate_bus,2,1,0.023255813953488372,1,56;87,3655,3655,0.0,-3.7762850172830924
56,Perth Stn,0.15,rail_only,13,12,0.1511627906976744,1,56;12;135;162;163;28;73;82;83;84;86;96;99,622,3655,0.8298221614227086,0.0
56,Perth Stn,0.15,manual_bus,5,4,0.05813953488372093,1,56;162;163;86;99,1852,3655,0.49329685362517095,12.592193082099179
56,Perth Stn,0.15,candidate_bus,2,1,0.023255813953488372,1,56;87,3655,3655,0.0,-3.7762850172830924
56,Perth Stn,0.2,rail_only,12,11,0.13953488372093023,1,56;12;135;162;163;28;82;83;84;86;96;99,648,3655,0.8227086183310534,0.0
56,Perth Stn,0.2,manual_bus,4,3,0.046511627906976744,1,56;162;163;99,2331,3655,0.36224350205198363,14.755450380459173
56,Perth Stn,0.2,candidate_bus,2,1,0.023255813953488372,1,56;87,3655,3655,0.0,-3.7762850172830924
56,Perth Stn,0.25,rail_only,12,11,0.13953488372093023,1,56;12;135;162;163;28;82;83;84;86;96;99,648,3655,0.8227086183310534,0.0
56,Perth Stn,0.25,manual_bus,4,3,0.046511627906976744,1,56;162;163;99,2331,3655,0.36224350205198363,14.755450380459173
56,Perth Stn,0.25,candidate_bus,2,1,0.023255813953488372,1,56;87,3655,3655,0.0,-3.7762850172830924
56,Perth Stn,0.3,rail_only,10,9,0.11627906976744186,1,56;162;163;28;82;83;84;86;96;99,691,3655,0.8109439124487003,0.0
56,Perth Stn,0.3,manual_bus,4,3,0.046511627906976744,1,56;162;163;99,2331,3655,0.36224350205198363,14.755450380459173
56,Perth Stn,0.3,candidate_bus,2,1,0.023255813953488372,1,56;87,3655,3655,0.0,-3.7762850172830924
56,Perth Stn,0.35,rail_only,9,8,0.10465116279069768,1,56;162;163;28;82;83;86;96;99,719,3655,0.8032831737346101,0.0
56,Perth Stn,0.35,manual_bus,4,3,0.046511627906976744,1,56;162;163;99,2331,3655,0.36224350205198363,14.755450380459173
56,Perth Stn,0.35,candidate_bus,2,1,0.023255813953488372,1,56;87,3655,3655,0.0,-3.7762850172830924
56,Perth Stn,0.4,rail_only,9,8,0.10465116279069768,1,56;162;163;28;82;83;86;96;99,719,3655,0.8032831737346101,0.0
56,Perth Stn,0.4,manual_bus,4,3,0.046511627906976744,1,56;162;163;99,2331,3655,0.36224350205198363,14.755450380459173
56,Perth Stn,0.4,candidate_bus,2,1,0.023255813953488372,1,56;87,3655,3655,0.0,-3.7762850172830924
56,Perth Stn,0.45,rail_only,8,7,0.09302325581395349,1,56;162;163;28;82;86;96;99,736,3655,0.7986320109439125,0.0
56,Perth Stn,0.45,manual_bus,4,3,0.046511627906976744,1,56;162;163;99,2331,3655,0.36224350205198363,14.755450380459173
56,Perth Stn,0.45,candidate_bus,2,1,0.023255813953488372,1,56;87,3655,3655,0.0,-3.7762850172830924
56,Perth Stn,0.5,rail_only,8,7,0.09302325581395349,1,56;162;163;28;82;86;96;99,736,3655,0.7986320109439125,0.0
56,Perth Stn,0.5,manual_bus,4,3,0.046511627906976744,1,56;162;163;99,2331,3655,0.36224350205198363,14.755450380459173
56,Perth Stn,0.5,candidate_bus,2,1,0.023255813953488372,1,56;87,3655,3655,0.0,-3.7762850172830924
56,Perth Stn,0.55,rail_only,7,6,0.08139534883720931,1,56;162;163;82;86;96;99,1035,3655,0.7168262653898769,0.0
56,Perth Stn,0.55,manual_bus,4,3,0.046511627906976744,1,56;162;163;99,2331,3655,0.36224350205198363,14.755450380459173
56,Perth Stn,0.55,candidate_bus,2,1,0.023255813953488372,1,56;87,3655,3655,0.0,-3.7762850172830924
56,Perth Stn,0.6,rail_only,7,6,0.08139534883720931,1,56;162;163;82;86;96;99,1035,3655,0.7168262653898769,0.0
56,Perth Stn,0.6,manual_bus,4,3,0.046511627906976744,1,56;162;163;99,2331,3655,0.36224350205198363,14.755450380459173
56,Perth Stn,0.6,candidate_bus,1,0,0.011627906976744186,0,56,3655,3655,0.0,-3.835200277519757
56,Perth Stn,0.65,rail_only,6,5,0.06976744186046512,1,56;162;163;86;96;99,1053,3655,0.7119015047879618,0.0
56,Perth Stn,0.65,manual_bus,4,3,0.046511627906976744,1,56;162;163;99,2331,3655,0.36224350205198363,14.755450380459173
56,Perth Stn,0.65,candidate_bus,1,0,0.011627906976744186,0,56,3655,3655,0.0,-3.835200277519757
56,Perth Stn,0.7,rail_only,6,5,0.06976744186046512,1,56;162;163;86;96;99,1053,3655,0.7119015047879618,0.0
56,Perth Stn,0.7,manual_bus,4,3,0.046511627906976744,1,56;162;163;99,2331,3655,0.36224350205198363,14.755450380459173
56,Perth Stn,0.7,candidate_bus,1,0,0.011627906976744186,0,56,3655,3655,0.0,-3.835200277519757
56,Perth Stn,0.75,rail_only,6,5,0.06976744186046512,1,56;162;163;86;96;99,1053,3655,0.7119015047879618,0.0
56,Perth Stn,0.75,manual_bus,4,3,0.046511627906976744,1,56;162;163;99,2331,3655,0.36224350205198363,14.755450380459173
56,Perth Stn,0.75,candidate_bus,1,0,0.011627906976744186,0,56,3655,3655,0.0,-3.835200277519757
56,Perth Stn,0.8,rail_only,5,4,0.05813953488372093,1,56;162;163;86;99,1072,3655,0.706703146374829,0.0
56,Perth Stn,0.8,manual_bus,4,3,0.046511627906976744,1,56;162;163;99,2331,3655,0.36224350205198363,14.755450380459173
56,Perth Stn,0.8,candidate_bus,1,0,0.011627906976744186,0,56,3655,3655,0.0,-3.835200277519757
56,Perth Stn,0.85,rail_only,5,4,0.05813953488372093,1,56;162;163;86;99,1072,3655,0.706703146374829,0.0
56,Perth Stn,0.85,manual_bus,4,3,0.046511627906976744,1,56;162;163;99,2331,3655,0.36224350205198363,14.755450380459173
56,Perth Stn,0.85,candidate_bus,1,0,0.011627906976744186,0,56,3655,3655,0.0,-3.835200277519757
56,Perth Stn,0.9,rail_only,5,4,0.05813953488372093,1,56;162;163;86;99,1072,3655,0.706703146374829,0.0
56,Perth Stn,0.9,manual_bus,3,2,0.03488372093023256,1,56;162;163,2398,3655,0.3439124487004104,14.774157989211682
56,Perth Stn,0.9,candidate_bus,1,0,0.011627906976744186,0,56,3655,3655,0.0,-3.835200277519757
56,Perth Stn,0.95,rail_only,5,4,0.05813953488372093,1,56;162;163;86;99,1072,3655,0.706703146374829,0.0
56,Perth Stn,0.95,manual_bus,3,2,0.03488372093023256,1,56;162;163,2398,3655,0.3439124487004104,14.774157989211682
56,Perth Stn,0.95,candidate_bus,1,0,0.011627906976744186,0,56,3655,3655,0.0,-3.835200277519757
56,Perth Stn,1.0,rail_only,4,3,0.046511627906976744,1,56;162;163;99,1239,3655,0.6610123119015048,0.0
56,Perth Stn,1.0,manual_bus,3,2,0.03488372093023256,1,56;162;163,2398,3655,0.3439124487004104,14.774157989211682
56,Perth Stn,1.0,candidate_bus,1,0,0.011627906976744186,0,56,3655,3655,0.0,-3.835200277519757
56,Perth Stn,1.05,rail_only,4,3,0.046511627906976744,1,56;162;163;99,1239,3655,0.6610123119015048,0.0
56,Perth Stn,1.05,manual_bus,3,2,0.03488372093023256,1,56;162;163,2398,3655,0.3439124487004104,14.774157989211682
56,Perth Stn,1.05,candidate_bus,1,0,0.011627906976744186,0,56,3655,3655,0.0,-3.835200277519757
56,Perth Stn,1.1,rail_only,4,3,0.046511627906976744,1,56;162;163;99,1239,3655,0.6610123119015048,0.0
56,Perth Stn,1.1,manual_bus,3,2,0.03488372093023256,1,56;162;163,2398,3655,0.3439124487004104,14.774157989211682
56,Perth Stn,1.1,candidate_bus,1,0,0.011627906976744186,0,56,3655,3655,0.0,-3.835200277519757
56,Perth Stn,1.15,rail_only,4,3,0.046511627906976744,1,56;162;163;99,1239,3655,0.6610123119015048,0.0
56,Perth Stn,1.15,manual_bus,3,2,0.03488372093023256,1,56;162;163,2398,3655,0.3439124487004104,14.774157989211682
56,Perth Stn,1.15,candidate_bus,1,0,0.011627906976744186,0,56,3655,3655,0.0,-3.835200277519757
56,Perth Stn,1.2,rail_only,4,3,0.046511627906976744,1,56;162;163;99,1239,3655,0.6610123119015048,0.0
56,Perth Stn,1.2,manual_bus,2,1,0.023255813953488372,1,56;163,2466,3655,0.32530779753761974,14.81661502374698
56,Perth Stn,1.2,candidate_bus,1,0,0.011627906976744186,0,56,3655,3655,0.0,-3.835200277519757
56,Perth Stn,1.25,rail_only,4,3,0.046511627906976744,1,56;162;163;99,1239,3655,0.6610123119015048,0.0
56,Perth Stn,1.25,manual_bus,2,1,0.023255813953488372,1,56;163,2466,3655,0.32530779753761974,14.81661502374698
56,Perth Stn,1.25,candidate_bus,1,0,0.011627906976744186,0,56,3655,3655,0.0,-3.835200277519757
56,Perth Stn,1.3,rail_only,4,3,0.046511627906976744,1,56;162;163;99,1239,3655,0.6610123119015048,0.0
56,Perth Stn,1.3,manual_bus,2,1,0.023255813953488372,1,56;163,2466,3655,0.32530779753761974,14.81661502374698
56,Perth Stn,1.3,candidate_bus,1,0,0.011627906976744186,0,56,3655,3655,0.0,-3.835200277519757
56,Perth Stn,1.35,rail_only,4,3,0.046511627906976744,1,56;162;163;99,1239,3655,0.6610123119015048,0.0
56,Perth Stn,1.35,manual_bus,2,1,0.023255813953488372,1,56;163,2466,3655,0.32530779753761974,14.81661502374698
56,Perth Stn,1.35,candidate_bus,1,0,0.011627906976744186,0,56,3655,3655,0.0,-3.835200277519757
56,Perth Stn,1.4,rail_only,4,3,0.046511627906976744,1,56;162;163;99,1239,3655,0.6610123119015048,0.0
56,Perth Stn,1.4,manual_bus,2,1,0.023255813953488372,1,56;163,2466,3655,0.32530779753761974,14.81661502374698
56,Perth Stn,1.4,candidate_bus,1,0,0.011627906976744186,0,56,3655,3655,0.0,-3.835200277519757
56,Perth Stn,1.45,rail_only,4,3,0.046511627906976744,1,56;162;163;99,1239,3655,0.6610123119015048,0.0
56,Perth Stn,1.45,manual_bus,2,1,0.023255813953488372,1,56;163,2466,3655,0.32530779753761974,14.81661502374698
56,Perth Stn,1.45,candidate_bus,1,0,0.011627906976744186,0,56,3655,3655,0.0,-3.835200277519757
56,Perth Stn,1.5,rail_only,4,3,0.046511627906976744,1,56;162;163;99,1239,3655,0.6610123119015048,0.0
56,Perth Stn,1.5,manual_bus,2,1,0.023255813953488372,1,56;163,2466,3655,0.32530779753761974,14.81661502374698
56,Perth Stn,1.5,candidate_bus,1,0,0.011627906976744186,0,56,3655,3655,0.0,-3.835200277519757
56,Perth Stn,1.55,rail_only,4,3,0.046511627906976744,1,56;162;163;99,1239,3655,0.6610123119015048,0.0
56,Perth Stn,1.55,manual_bus,1,0,0.011627906976744186,0,56,2535,3655,0.3064295485636115,9.032868367727312
56,Perth Stn,1.55,candidate_bus,1,0,0.011627906976744186,0,56,3655,3655,0.0,-3.835200277519757
56,Perth Stn,1.6,rail_only,4,3,0.046511627906976744,1,56;162;163;99,1239,3655,0.6610123119015048,0.0
56,Perth Stn,1.6,manual_bus,1,0,0.011627906976744186,0,56,2535,3655,0.3064295485636115,9.032868367727312
56,Perth Stn,1.6,candidate_bus,1,0,0.011627906976744186,0,56,3655,3655,0.0,-3.835200277519757
56,Perth Stn,1.65,rail_only,4,3,0.046511627906976744,1,56;162;163;99,1239,3655,0.6610123119015048,0.0
56,Perth Stn,1.65,manual_bus,1,0,0.011627906976744186,0,56,2535,3655,0.3064295485636115,9.032868367727312
56,Perth Stn,1.65,candidate_bus,1,0,0.011627906976744186,0,56,3655,3655,0.0,-3.835200277519757
56,Perth Stn,1.7,rail_only,4,3,0.046511627906976744,1,56;162;163;99,1239,3655,0.6610123119015048,0.0
56,Perth Stn,1.7,manual_bus,1,0,0.011627906976744186,0,56,2535,3655,0.3064295485636115,9.032868367727312
56,Perth Stn,1.7,candidate_bus,1,0,0.011627906976744186,0,56,3655,3655,0.0,-3.835200277519757
56,Perth Stn,1.75,rail_only,4,3,0.046511627906976744,1,56;162;163;99,1239,3655,0.6610123119015048,0.0
56,Perth Stn,1.75,manual_bus,1,0,0.011627906976744186,0,56,2535,3655,0.3064295485636115,9.032868367727312
56,Perth Stn,1.75,candidate_bus,1,0,0.011627906976744186,0,56,3655,3655,0.0,-3.835200277519757
56,Perth Stn,1.8,rail_only,4,3,0.046511627906976744,1,56;162;163;99,1239,3655,0.6610123119015048,0.0
56,Perth Stn,1.8,manual_bus,1,0,0.011627906976744186,0,56,2535,3655,0.3064295485636115,9.032868367727312
56,Perth Stn,1.8,candidate_bus,1,0,0.011627906976744186,0,56,3655,3655,0.0,-3.835200277519757
56,Perth Stn,1.85,rail_only,4,3,0.046511627906976744,1,56;162;163;99,1239,3655,0.6610123119015048,0.0
56,Perth Stn,1.85,manual_bus,1,0,0.011627906976744186,0,56,2535,3655,0.3064295485636115,9.032868367727312
56,Perth Stn,1.85,candidate_bus,1,0,0.011627906976744186,0,56,3655,3655,0.0,-3.835200277519757
56,Perth Stn,1.9,rail_only,4,3,0.046511627906976744,1,56;162;163;99,1239,3655,0.6610123119015048,0.0
56,Perth Stn,1.9,manual_bus,1,0,0.011627906976744186,0,56,2535,3655,0.3064295485636115,9.032868367727312
56,Perth Stn,1.9,candidate_bus,1,0,0.011627906976744186,0,56,3655,3655,0.0,-3.835200277519757
56,Perth Stn,1.95,rail_only,4,3,0.046511627906976744,1,56;162;163;99,1239,3655,0.6610123119015048,0.0
56,Perth Stn,1.95,manual_bus,1,0,0.011627906976744186,0,56,2535,3655,0.3064295485636115,9.032868367727312
56,Perth Stn,1.95,candidate_bus,1,0,0.011627906976744186,0,56,3655,3655,0.0,-3.835200277519757
56,Perth Stn,2.0,rail_only,4,3,0.046511627906976744,1,56;162;163;99,1239,3655,0.6610123119015048,0.0
56,Perth Stn,2.0,manual_bus,1,0,0.011627906976744186,0,56,2535,3655,0.3064295485636115,9.032868367727312
56,Perth Stn,2.0,candidate_bus,1,0,0.011627906976744186,0,56,3655,3655,0.0,-3.835200277519757
23,Bayswater Stn,0.0,rail_only,1,0,0.011627906976744186,0,23,2449,3655,0.3299589603283174,0.0
23,Bayswater Stn,0.0,manual_bus,1,0,0.011627906976744186,0,23,2519,3655,0.31080711354309165,0.8095546912896942
23,Bayswater Stn,0.0,candidate_bus,9,8,0.10465116279069768,3,23;158;33;87;102;147;148;24;160,3655,3655,0.0,7.505431159996304
23,Bayswater Stn,0.05,rail_only,1,0,0.011627906976744186,0,23,2449,3655,0.3299589603283174,0.0
23,Bayswater Stn,0.05,manual_bus,1,0,0.011627906976744186,0,23,2519,3655,0.31080711354309165,0.8095546912896942
23,Bayswater Stn,0.05,candidate_bus,2,1,0.023255813953488372,1,23;87,3655,3655,0.0,-1.4879886379797949
23,Bayswater Stn,0.1,rail_only,1,0,0.011627906976744186,0,23,2449,3655,0.3299589603283174,0.0
23,Bayswater Stn,0.1,manual_bus,1,0,0.011627906976744186,0,23,2519,3655,0.31080711354309165,0.8095546912896942
23,Bayswater Stn,0.1,candidate_bus,2,1,0.023255813953488372,1,23;87,3655,3655,0.0,-1.4879886379797949
23,Bayswater Stn,0.15,rail_only,1,0,0.011627906976744186,0,23,2449,3655,0.3299589603283174,0.0
23,Bayswater Stn,0.15,manual_bus,1,0,0.011627906976744186,0,23,2519,3655,0.31080711354309165,0.8095546912896942
23,Bayswater Stn,0.15,candidate_bus,2,1,0.023255813953488372,1,23;87,3655,3655,0.0,-1.4879886379797949
23,Bayswater Stn,0.2,rail_only,1,0,0.011627906976744186,0,23,2449,3655,0.3299589603283174,0.0
23,Bayswater Stn,0.2,manual_bus,1,0,0.011627906976744186,0,23,2519,3655,0.31080711354309165,0.8095546912896942
23,Bayswater Stn,0.2,candidate_bus,2,1,0.023255813953488372,1,23;87,3655,3655,0.0,-1.4879886379797949
23,Bayswater Stn,0.25,rail_only,1,0,0.011627906976744186,0,23,2449,3655,0.3299589603283174,0.0
23,Bayswater Stn,0.25,manual_bus,1,0,0.011627906976744186,0,23,2519,3655,0.31080711354309165,0.8095546912896942
23,Bayswater Stn,0.25,candidate_bus,2,1,0.023255813953488372,1,23;87,3655,3655,0.0,-1.4879886379797949
23,Bayswater Stn,0.3,rail_only,1,0,0.011627906976744186,0,23,2449,3655,0.3299589603283174,0.0
23,Bayswater Stn,0.3,manual_bus,1,0,0.011627906976744186,0,23,2519,3655,0.31080711354309165,0.8095546912896942
23,Bayswater Stn,0.3,candidate_bus,2,1,0.023255813953488372,1,23;87,3655,3655,0.0,-1.4879886379797949
23,Bayswater Stn,0.35,rail_only,1,0,0.011627906976744186,0,23,2449,3655,0.3299589603283174,0.0
23,Bayswater Stn,0.35,manual_bus,1,0,0.011627906976744186,0,23,2519,3655,0.31080711354309165,0.8095546912896942
23,Bayswater Stn,0.35,candidate_bus,2,1,0.023255813953488372,1,23;87,3655,3655,0.0,-1.4879886379797949
23,Bayswater Stn,0.4,rail_only,1,0,0.011627906976744186,0,23,2449,3655,0.3299589603283174,0.0
23,Bayswater Stn,0.4,manual_bus,1,0,0.011627906976744186,0,23,2519,3655,0.31080711354309165,0.8095546912896942
23,Bayswater Stn,0.4,candidate_bus,2,1,0.023255813953488372,1,23;87,3655,3655,0.0,-1.4879886379797949
23,Bayswater Stn,0.45,rail_only,1,0,0.011627906976744186,0,23,2449,3655,0.3299589603283174,0.0
23,Bayswater Stn,0.45,manual_bus,1,0,0.011627906976744186,0,23,2519,3655,0.31080711354309165,0.8095546912896942
23,Bayswater Stn,0.45,candidate_bus,2,1,0.023255813953488372,1,23;87,3655,3655,0.0,-1.4879886379797949
23,Bayswater Stn,0.5,rail_only,1,0,0.011627906976744186,0,23,2449,3655,0.3299589603283174,0.0
23,Bayswater Stn,0.5,manual_bus,1,0,0.011627906976744186,0,23,2519,3655,0.31080711354309165,0.8095546912896942
23,Bayswater Stn,0.5,candidate_bus,2,1,0.023255813953488372,1,23;87,3655,3655,0.0,-1.4879886379797949
23,Bayswater Stn,0.55,rail_only,1,0,0.011627906976744186,0,23,2449,3655,0.3299589603283174,0.0
23,Bayswater Stn,0.55,manual_bus,1,0,0.011627906976744186,0,23,2519,3655,0.31080711354309165,0.8095546912896942
23,Bayswater Stn,0.55,candidate_bus,2,1,0.023255813953488372,1,23;87,3655,3655,0.0,-1.4879886379797949
23,Bayswater Stn,0.6,rail_only,1,0,0.011627906976744186,0,23,2449,3655,0.3299589603283174,0.0
23,Bayswater Stn,0.6,manual_bus,1,0,0.011627906976744186,0,23,2519,3655,0.31080711354309165,0.8095546912896942
23,Bayswater Stn,0.6,candidate_bus,1,0,0.011627906976744186,0,23,3655,3655,0.0,-1.5480186024648683
23,Bayswater Stn,0.65,rail_only,1,0,0.011627906976744186,0,23,2449,3655,0.3299589603283174,0.0
23,Bayswater Stn,0.65,manual_bus,1,0,0.011627906976744186,0,23,2519,3655,0.31080711354309165,0.8095546912896942
23,Bayswater Stn,0.65,candidate_bus,1,0,0.011627906976744186,0,23,3655,3655,0.0,-1.5480186024648683
23,Bayswater Stn,0.7,rail_only,1,0,0.011627906976744186,0,23,2449,3655,0.3299589603283174,0.0
23,Bayswater Stn,0.7,manual_bus,1,0,0.011627906976744186,0,23,2519,3655,0.31080711354309165,0.8095546912896942
23,Bayswater Stn,0.7,candidate_bus,1,0,0.011627906976744186,0,23,3655,3655,0.0,-1.5480186024648683
23,Bayswater Stn,0.75,rail_only,1,0,0.011627906976744186,0,23,2449,3655,0.3299589603283174,0.0
23,Bayswater Stn,0.75,manual_bus,1,0,0.011627906976744186,0,23,2519,3655,0.31080711354309165,0.8095546912896942
23,Bayswater Stn,0.75,candidate_bus,1,0,0.011627906976744186,0,23,3655,3655,0.0,-1.5480186024648683
23,Bayswater Stn,0.8,rail_only,1,0,0.011627906976744186,0,23,2449,3655,0.3299589603283174,0.0
23,Bayswater Stn,0.8,manual_bus,1,0,0.011627906976744186,0,23,2519,3655,0.31080711354309165,0.8095546912896942
23,Bayswater Stn,0.8,candidate_bus,1,0,0.011627906976744186,0,23,3655,3655,0.0,-1.5480186024648683
23,Bayswater Stn,0.85,rail_only,1,0,0.011627906976744186,0,23,2449,3655,0.3299589603283174,0.0
23,Bayswater Stn,0.85,manual_bus,1,0,0.011627906976744186,0,23,2519,3655,0.31080711354309165,0.8095546912896942
23,Bayswater Stn,0.85,candidate_bus,1,0,0.011627906976744186,0,23,3655,3655,0.0,-1.5480186024648683
23,Bayswater Stn,0.9,rail_only,1,0,0.011627906976744186,0,23,2449,3655,0.3299589603283174,0.0
23,Bayswater Stn,0.9,manual_bus,1,0,0.011627906976744186,0,23,2519,3655,0.31080711354309165,0.8095546912896942
23,Bayswater Stn,0.9,candidate_bus,1,0,0.011627906976744186,0,23,3655,3655,0.0,-1.5480186024648683
23,Bayswater Stn,0.95,rail_only,1,0,0.011627906976744186,0,23,2449,3655,0.3299589603283174,0.0
23,Bayswater Stn,0.95,manual_bus,1,0,0.011627906976744186,0,23,2519,3655,0.31080711354309165,0.8095546912896942
23,Bayswater Stn,0.95,candidate_bus,1,0,0.011627906976744186,0,23,3655,3655,0.0,-1.5480186024648683
23,Bayswater Stn,1.0,rail_only,1,0,0.011627906976744186,0,23,2449,3655,0.3299589603283174,0.0
23,Bayswater Stn,1.0,manual_bus,1,0,0.011627906976744186,0,23,2519,3655,0.31080711354309165,0.8095546912896942
23,Bayswater Stn,1.0,candidate_bus,1,0,0.011627906976744186,0,23,3655,3655,0.0,-1.5480186024648683
23,Bayswater Stn,1.05,rail_only,1,0,0.011627906976744186,0,23,2449,3655,0.3299589603283174,0.0
23,Bayswater Stn,1.05,manual_bus,1,0,0.011627906976744186,0,23,2519,3655,0.31080711354309165,0.8095546912896942
23,Bayswater Stn,1.05,candidate_bus,1,0,0.011627906976744186,0,23,3655,3655,0.0,-1.5480186024648683
23,Bayswater Stn,1.1,rail_only,1,0,0.011627906976744186,0,23,2449,3655,0.3299589603283174,0.0
23,Bayswater Stn,1.1,manual_bus,1,0,0.011627906976744186,0,23,2519,3655,0.31080711354309165,0.8095546912896942
23,Bayswater Stn,1.1,candidate_bus,1,0,0.011627906976744186,0,23,3655,3655,0.0,-1.5480186024648683
23,Bayswater Stn,1.15,rail_only,1,0,0.011627906976744186,0,23,2449,3655,0.3299589603283174,0.0
23,Bayswater Stn,1.15,manual_bus,1,0,0.011627906976744186,0,23,2519,3655,0.31080711354309165,0.8095546912896942
23,Bayswater Stn,1.15,candidate_bus,1,0,0.011627906976744186,0,23,3655,3655,0.0,-1.5480186024648683
23,Bayswater Stn,1.2,rail_only,1,0,0.011627906976744186,0,23,2449,3655,0.3299589603283174,0.0
23,Bayswater Stn,1.2,manual_bus,1,0,0.011627906976744186,0,23,2519,3655,0.31080711354309165,0.8095546912896942
23,Bayswater Stn,1.2,candidate_bus,1,0,0.011627906976744186,0,23,3655,3655,0.0,-1.5480186024648683
23,Bayswater Stn,1.25,rail_only,1,0,0.011627906976744186,0,23,2449,3655,0.3299589603283174,0.0
23,Bayswater Stn,1.25,manual_bus,1,0,0.011627906976744186,0,23,2519,3655,0.31080711354309165,0.8095546912896942
23,Bayswater Stn,1.25,candidate_bus,1,0,0.011627906976744186,0,23,3655,3655,0.0,-1.5480186024648683
23,Bayswater Stn,1.3,rail_only,1,0,0.011627906976744186,0,23,2449,3655,0.3299589603283174,0.0
23,Bayswater Stn,1.3,manual_bus,1,0,0.011627906976744186,0,23,2519,3655,0.31080711354309165,0.8095546912896942
23,Bayswater Stn,1.3,candidate_bus,1,0,0.011627906976744186,0,23,3655,3655,0.0,-1.5480186024648683
23,Bayswater Stn,1.35,rail_only,1,0,0.011627906976744186,0,23,2449,3655,0.3299589603283174,0.0
23,Bayswater Stn,1.35,manual_bus,1,0,0.011627906976744186,0,23,2519,3655,0.31080711354309165,0.8095546912896942
23,Bayswater Stn,1.35,candidate_bus,1,0,0.011627906976744186,0,23,3655,3655,0.0,-1.5480186024648683
23,Bayswater Stn,1.4,rail_only,1,0,0.011627906976744186,0,23,2449,3655,0.3299589603283174,0.0
23,Bayswater Stn,1.4,manual_bus,1,0,0.011627906976744186,0,23,2519,3655,0.31080711354309165,0.8095546912896942
23,Bayswater Stn,1.4,candidate_bus,1,0,0.011627906976744186,0,23,3655,3655,0.0,-1.5480186024648683
23,Bayswater Stn,1.45,rail_only,1,0,0.011627906976744186,0,23,2449,3655,0.3299589603283174,0.0
23,Bayswater Stn,1.45,manual_bus,1,0,0.011627906976744186,0,23,2519,3655,0.31080711354309165,0.8095546912896942
23,Bayswater Stn,1.45,candidate_bus,1,0,0.011627906976744186,0,23,3655,3655,0.0,-1.5480186024648683
23,Bayswater Stn,1.5,rail_only,1,0,0.011627906976744186,0,23,2449,3655,0.3299589603283174,0.0
23,Bayswater Stn,1.5,manual_bus,1,0,0.011627906976744186,0,23,2519,3655,0.31080711354309165,0.8095546912896942
23,Bayswater Stn,1.5,candidate_bus,1,0,0.011627906976744186,0,23,3655,3655,0.0,-1.5480186024648683
23,Bayswater Stn,1.55,rail_only,1,0,0.011627906976744186,0,23,2449,3655,0.3299589603283174,0.0
23,Bayswater Stn,1.55,manual_bus,1,0,0.011627906976744186,0,23,2519,3655,0.31080711354309165,0.8095546912896942
23,Bayswater Stn,1.55,candidate_bus,1,0,0.011627906976744186,0,23,3655,3655,0.0,-1.5480186024648683
23,Bayswater Stn,1.6,rail_only,1,0,0.011627906976744186,0,23,2449,3655,0.3299589603283174,0.0
23,Bayswater Stn,1.6,manual_bus,1,0,0.011627906976744186,0,23,2519,3655,0.31080711354309165,0.8095546912896942
23,Bayswater Stn,1.6,candidate_bus,1,0,0.011627906976744186,0,23,3655,3655,0.0,-1.5480186024648683
23,Bayswater Stn,1.65,rail_only,1,0,0.011627906976744186,0,23,2449,3655,0.3299589603283174,0.0
23,Bayswater Stn,1.65,manual_bus,1,0,0.011627906976744186,0,23,2519,3655,0.31080711354309165,0.8095546912896942
23,Bayswater Stn,1.65,candidate_bus,1,0,0.011627906976744186,0,23,3655,3655,0.0,-1.5480186024648683
23,Bayswater Stn,1.7,rail_only,1,0,0.011627906976744186,0,23,2449,3655,0.3299589603283174,0.0
23,Bayswater Stn,1.7,manual_bus,1,0,0.011627906976744186,0,23,2519,3655,0.31080711354309165,0.8095546912896942
23,Bayswater Stn,1.7,candidate_bus,1,0,0.011627906976744186,0,23,3655,3655,0.0,-1.5480186024648683
23,Bayswater Stn,1.75,rail_only,1,0,0.011627906976744186,0,23,2449,3655,0.3299589603283174,0.0
23,Bayswater Stn,1.75,manual_bus,1,0,0.011627906976744186,0,23,2519,3655,0.31080711354309165,0.8095546912896942
23,Bayswater Stn,1.75,candidate_bus,1,0,0.011627906976744186,0,23,3655,3655,0.0,-1.5480186024648683
23,Bayswater Stn,1.8,rail_only,1,0,0.011627906976744186,0,23,2449,3655,0.3299589603283174,0.0
23,Bayswater Stn,1.8,manual_bus,1,0,0.011627906976744186,0,23,2519,3655,0.31080711354309165,0.8095546912896942
23,Bayswater Stn,1.8,candidate_bus,1,0,0.011627906976744186,0,23,3655,3655,0.0,-1.5480186024648683
23,Bayswater Stn,1.85,rail_only,1,0,0.011627906976744186,0,23,2449,3655,0.3299589603283174,0.0
23,Bayswater Stn,1.85,manual_bus,1,0,0.011627906976744186,0,23,2519,3655,0.31080711354309165,0.8095546912896942
23,Bayswater Stn,1.85,candidate_bus,1,0,0.011627906976744186,0,23,3655,3655,0.0,-1.5480186024648683
23,Bayswater Stn,1.9,rail_only,1,0,0.011627906976744186,0,23,2449,3655,0.3299589603283174,0.0
23,Bayswater Stn,1.9,manual_bus,1,0,0.011627906976744186,0,23,2519,3655,0.31080711354309165,0.8095546912896942
23,Bayswater Stn,1.9,candidate_bus,1,0,0.011627906976744186,0,23,3655,3655,0.0,-1.5480186024648683
23,Bayswater Stn,1.95,rail_only,1,0,0.011627906976744186,0,23,2449,3655,0.3299589603283174,0.0
23,Bayswater Stn,1.95,manual_bus,1,0,0.011627906976744186,0,23,2519,3655,0.31080711354309165,0.8095546912896942
23,Bayswater Stn,1.95,candidate_bus,1,0,0.011627906976744186,0,23,3655,3655,0.0,-1.5480186024648683
23,Bayswater Stn,2.0,rail_only,1,0,0.011627906976744186,0,23,2449,3655,0.3299589603283174,0.0
23,Bayswater Stn,2.0,manual_bus,1,0,0.011627906976744186,0,23,2519,3655,0.31080711354309165,0.8095546912896942
23,Bayswater Stn,2.0,candidate_bus,1,0,0.011627906976744186,0,23,3655,3655,0.0,-1.5480186024648683
28,Beckenham Stn,0.0,rail_only,7,6,0.08139534883720931,1,28;135;64;82;83;86;96,1232,3655,0.6629274965800274,0.0
28,Beckenham Stn,0.0,manual_bus,7,6,0.08139534883720931,1,28;135;64;82;83;86;96,1951,3655,0.4662106703146375,10.008765194119361
28,Beckenham Stn,0.0,candidate_bus,25,24,0.29069767441860467,5,28;87;96;12;140;162;163;33;48;58;73;147;148;16;17;30;42;76;24;34;39;7;156;158;159,3240,3655,0.11354309165526677,9.098746433874632
28,Beckenham Stn,0.05,rail_only,6,5,0.06976744186046512,1,28;135;82;83;86;96,1890,3655,0.48290013679890564,0.0
28,Beckenham Stn,0.05,manual_bus,6,5,0.06976744186046512,1,28;135;82;83;86;96,1951,3655,0.4662106703146375,1.159655354366701
28,Beckenham Stn,0.05,candidate_bus,2,1,0.023255813953488372,1,28;87,3655,3655,0.0,-2.3842805375891007
28,Beckenham Stn,0.1,rail_only,6,5,0.06976744186046512,1,28;135;82;83;86;96,1890,3655,0.48290013679890564,0.0
28,Beckenham Stn,0.1,manual_bus,6,5,0.06976744186046512,1,28;135;82;83;86;96,1951,3655,0.4662106703146375,1.159655354366701
28,Beckenham Stn,0.1,candidate_bus,2,1,0.023255813953488372,1,28;87,3655,3655,0.0,-2.3842805375891007
28,Beckenham Stn,0.15,rail_only,5,4,0.05813953488372093,1,28;135;82;83;96,1921,3655,0.4744186046511628,0.0
28,Beckenham Stn,0.15,manual_bus,5,4,0.05813953488372093,1,28;135;82;83;96,1982,3655,0.45772913816689464,1.1415174552822571
28,Beckenham Stn,0.15,candidate_bus,2,1,0.023255813953488372,1,28;87,3655,3655,0.0,-2.3842805375891007
28,Beckenham Stn,0.2,rail_only,5,4,0.05813953488372093,1,28;135;82;83;96,1921,3655,0.4744186046511628,0.0
28,Beckenham Stn,0.2,manual_bus,5,4,0.05813953488372093,1,28;135;82;83;96,1982,3655,0.45772913816689464,1.1415174552822571
28,Beckenham Stn,0.2,candidate_bus,2,1,0.023255813953488372,1,28;87,3655,3655,0.0,-2.3842805375891007
28,Beckenham Stn,0.25,rail_only,5,4,0.05813953488372093,1,28;135;82;83;96,1921,3655,0.4744186046511628,0.0
28,Beckenham Stn,0.25,manual_bus,5,4,0.05813953488372093,1,28;135;82;83;96,1982,3655,0.45772913816689464,1.1415174552822571
28,Beckenham Stn,0.25,candidate_bus,2,1,0.023255813953488372,1,28;87,3655,3655,0.0,-2.3842805375891007
28,Beckenham Stn,0.3,rail_only,4,3,0.046511627906976744,1,28;82;83;96,1982,3655,0.45772913816689464,0.0
28,Beckenham Stn,0.3,manual_bus,4,3,0.046511627906976744,1,28;82;83;96,2044,3655,0.440766073871409,1.1328267494134099
28,Beckenham Stn,0.3,candidate_bus,2,1,0.023255813953488372,1,28;87,3655,3655,0.0,-2.3842805375891007
28,Beckenham Stn,0.35,rail_only,3,2,0.03488372093023256,1,28;82;96,2044,3655,0.440766073871409,0.0
28,Beckenham Stn,0.35,manual_bus,3,2,0.03488372093023256,1,28;82;96,2044,3655,0.440766073871409,0.0
28,Beckenham Stn,0.35,candidate_bus,2,1,0.023255813953488372,1,28;87,3655,3655,0.0,-2.3842805375891007
28,Beckenham Stn,0.4,rail_only,1,0,0.011627906976744186,0,28,2886,3655,0.21039671682626537,1.7821572581411682
28,Beckenham Stn,0.4,manual_bus,1,0,0.011627906976744186,0,28,2886,3655,0.21039671682626537,1.7821572581411682
28,Beckenham Stn,0.4,candidate_bus,2,1,0.023255813953488372,1,28;87,3655,3655,0.0,-2.3842805375891007
28,Beckenham Stn,0.45,rail_only,1,0,0.011627906976744186,0,28,2886,3655,0.21039671682626537,1.7821572581411682
28,Beckenham Stn,0.45,manual_bus,1,0,0.011627906976744186,0,28,2886,3655,0.21039671682626537,1.7821572581411682
28,Beckenham Stn,0.45,candidate_bus,2,1,0.023255813953488372,1,28;87,3655,3655,0.0,-2.3842805375891007
28,Beckenham Stn,0.5,rail_only,1,0,0.011627906976744186,0,28,2886,3655,0.21039671682626537,1.7821572581411682
28,Beckenham Stn,0.5,manual_bus,1,0,0.011627906976744186,0,28,2886,3655,0.21039671682626537,1.7821572581411682
28,Beckenham Stn,0.5,candidate_bus,2,1,0.023255813953488372,1,28;87,3655,3655,0.0,-2.3842805375891007
28,Beckenham Stn,0.55,rail_only,1,0,0.011627906976744186,0,28,2886,3655,0.21039671682626537,1.7821572581411682
28,Beckenham Stn,0.55,manual_bus,1,0,0.011627906976744186,0,28,2886,3655,0.21039671682626537,1.7821572581411682
28,Beckenham Stn,0.55,candidate_bus,2,1,0.023255813953488372,1,28;87,3655,3655,0.0,-2.3842805375891007
28,Beckenham Stn,0.6,rail_only,1,0,0.011627906976744186,0,28,2886,3655,0.21039671682626537,1.7821572581411682
28,Beckenham Stn,0.6,manual_bus,1,0,0.011627906976744186,0,28,2886,3655,0.21039671682626537,1.7821572581411682
28,Beckenham Stn,0.6,candidate_bus,2,1,0.023255813953488372,1,28;87,3655,3655,0.0,-2.3842805375891007
28,Beckenham Stn,0.65,rail_only,1,0,0.011627906976744186,0,28,2886,3655,0.21039671682626537,1.7821572581411682
28,Beckenham Stn,0.65,manual_bus,1,0,0.011627906976744186,0,28,2886,3655,0.21039671682626537,1.7821572581411682
28,Beckenham Stn,0.65,candidate_bus,1,0,0.011627906976744186,0,28,3655,3655,0.0,-2.44583269122351
28,Beckenham Stn,0.7,rail_only,1,0,0.011627906976744186,0,28,2886,3655,0.21039671682626537,1.7821572581411682
28,Beckenham Stn,0.7,manual_bus,1,0,0.011627906976744186,0,28,2886,3655,0.21039671682626537,1.7821572581411682
28,Beckenham Stn,0.7,candidate_bus,1,0,0.011627906976744186,0,28,3655,3655,0.0,-2.44583269122351
28,Beckenham Stn,0.75,rail_only,1,0,0.011627906976744186,0,28,2886,3655,0.21039671682626537,1.7821572581411682
28,Beckenham Stn,0.75,manual_bus,1,0,0.011627906976744186,0,28,2886,3655,0.21039671682626537,1.7821572581411682
28,Beckenham Stn,0.75,candidate_bus,1,0,0.011627906976744186,0,28,3655,3655,0.0,-2.44583269122351
28,Beckenham Stn,0.8,rail_only,1,0,0.011627906976744186,0,28,2886,3655,0.21039671682626537,1.7821572581411682
28,Beckenham Stn,0.8,manual_bus,1,0,0.011627906976744186,0,28,2886,3655,0.21039671682626537,1.7821572581411682
28,Beckenham Stn,0.8,candidate_bus,1,0,0.011627906976744186,0,28,3655,3655,0.0,-2.44583269122351
28,Beckenham Stn,0.85,rail_only,1,0,0.011627906976744186,0,28,2886,3655,0.21039671682626537,1.7821572581411682
28,Beckenham Stn,0.85,manual_bus,1,0,0.011627906976744186,0,28,2886,3655,0.21039671682626537,1.7821572581411682
28,Beckenham Stn,0.85,candidate_bus,1,0,0.011627906976744186,0,28,3655,3655,0.0,-2.44583269122351
28,Beckenham Stn,0.9,rail_only,1,0,0.011627906976744186,0,28,2886,3655,0.21039671682626537,1.7821572581411682
28,Beckenham Stn,0.9,manual_bus,1,0,0.011627906976744186,0,28,2886,3655,0.21039671682626537,1.7821572581411682
28,Beckenham Stn,0.9,candidate_bus,1,0,0.011627906976744186,0,28,3655,3655,0.0,-2.44583269122351
28,Beckenham Stn,0.95,rail_only,1,0,0.011627906976744186,0,28,2886,3655,0.21039671682626537,1.7821572581411682
28,Beckenham Stn,0.95,manual_bus,1,0,0.011627906976744186,0,28,2886,3655,0.21039671682626537,1.7821572581411682
28,Beckenham Stn,0.95,candidate_bus,1,0,0.011627906976744186,0,28,3655,3655,0.0,-2.44583269122351
28,Beckenham Stn,1.0,rail_only,1,0,0.011627906976744186,0,28,2886,3655,0.21039671682626537,1.7821572581411682
28,Beckenham Stn,1.0,manual_bus,1,0,0.011627906976744186,0,28,2886,3655,0.21039671682626537,1.7821572581411682
28,Beckenham Stn,1.0,candidate_bus,1,0,0.011627906976744186,0,28,3655,3655,0.0,-2.44583269122351
28,Beckenham Stn,1.05,rail_only,1,0,0.011627906976744186,0,28,2886,3655,0.21039671682626537,1.7821572581411682
28,Beckenham Stn,1.05,manual_bus,1,0,0.011627906976744186,0,28,2886,3655,0.21039671682626537,1.7821572581411682
28,Beckenham Stn,1.05,candidate_bus,1,0,0.011627906976744186,0,28,3655,3655,0.0,-2.44583269122351
28,Beckenham Stn,1.1,rail_only,1,0,0.011627906976744186,0,28,2886,3655,0.21039671682626537,1.7821572581411682
28,Beckenham Stn,1.1,manual_bus,1,0,0.011627906976744186,0,28,2886,3655,0.21039671682626537,1.7821572581411682
28,Beckenham Stn,1.1,candidate_bus,1,0,0.011627906976744186,0,28,3655,3655,0.0,-2.44583269122351
28,Beckenham Stn,1.15,rail_only,1,0,0.011627906976744186,0,28,2886,3655,0.21039671682626537,1.7821572581411682
28,Beckenham Stn,1.15,manual_bus,1,0,0.011627906976744186,0,28,2886,3655,0.21039671682626537,1.7821572581411682
28,Beckenham Stn,1.15,candidate_bus,1,0,0.011627906976744186,0,28,3655,3655,0.0,-2.44583269122351
28,Beckenham Stn,1.2,rail_only,1,0,0.011627906976744186,0,28,2886,3655,0.21039671682626537,1.7821572581411682
28,Beckenham Stn,1.2,manual_bus,1,0,0.011627906976744186,0,28,2886,3655,0.21039671682626537,1.7821572581411682
28,Beckenham Stn,1.2,candidate_bus,1,0,0.011627906976744186,0,28,3655,3655,0.0,-2.44583269122351
28,Beckenham Stn,1.25,rail_only,1,0,0.011627906976744186,0,28,2886,3655,0.21039671682626537,1.7821572581411682
28,Beckenham Stn,1.25,manual_bus,1,0,0.011627906976744186,0,28,2886,3655,0.21039671682626537,1.7821572581411682
28,Beckenham Stn,1.25,candidate_bus,1,0,0.011627906976744186,0,28,3655,3655,0.0,-2.44583269122351
28,Beckenham Stn,1.3,rail_only,1,0,0.011627906976744186,0,28,2886,3655,0.21039671682626537,1.7821572581411682
28,Beckenham Stn,1.3,manual_bus,1,0,0.011627906976744186,0,28,2886,3655,0.21039671682626537,1.7821572581411682
28,Beckenham Stn,1.3,candidate_bus,1,0,0.011627906976744186,0,28,3655,3655,0.0,-2.44583269122351
28,Beckenham Stn,1.35,rail_only,1,0,0.011627906976744186,0,28,2886,3655,0.21039671682626537,1.7821572581411682
28,Beckenham Stn,1.35,manual_bus,1,0,0.011627906976744186,0,28,2886,3655,0.21039671682626537,1.7821572581411682
28,Beckenham Stn,1.35,candidate_bus,1,0,0.011627906976744186,0,28,3655,3655,0.0,-2.44583269122351
28,Beckenham Stn,1.4,rail_only,1,0,0.011627906976744186,0,28,2886,3655,0.21039671682626537,1.7821572581411682
28,Beckenham Stn,1.4,manual_bus,1,0,0.011627906976744186,0,28,2886,3655,0.21039671682626537,1.7821572581411682
28,Beckenham Stn,1.4,candidate_bus,1,0,0.011627906976744186,0,28,3655,3655,0.0,-2.44583269122351
28,Beckenham Stn,1.45,rail_only,1,0,0.011627906976744186,0,28,2886,3655,0.21039671682626537,1.7821572581411682
28,Beckenham Stn,1.45,manual_bus,1,0,0.011627906976744186,0,28,2886,3655,0.21039671682626537,1.7821572581411682
28,Beckenham Stn,1.45,candidate_bus,1,0,0.011627906976744186,0,28,3655,3655,0.0,-2.44583269122351
28,Beckenham Stn,1.5,rail_only,1,0,0.011627906976744186,0,28,2886,3655,0.21039671682626537,1.7821572581411682
28,Beckenham Stn,1.5,manual_bus,1,0,0.011627906976744186,0,28,2886,3655,0.21039671682626537,1.7821572581411682
28,Beckenham Stn,1.5,candidate_bus,1,0,0.011627906976744186,0,28,3655,3655,0.0,-2.44583269122351
28,Beckenham Stn,1.55,rail_only,1,0,0.011627906976744186,0,28,2886,3655,0.21039671682626537,1.7821572581411682
28,Beckenham Stn,1.55,manual_bus,1,0,0.011627906976744186,0,28,2886,3655,0.21039671682626537,1.7821572581411682
28,Beckenham Stn,1.55,candidate_bus,1,0,0.011627906976744186,0,28,3655,3655,0.0,-2.44583269122351
28,Beckenham Stn,1.6,rail_only,1,0,0.011627906976744186,0,28,2886,3655,0.21039671682626537,1.7821572581411682
28,Beckenham Stn,1.6,manual_bus,1,0,0.011627906976744186,0,28,2886,3655,0.21039671682626537,1.7821572581411682
28,Beckenham Stn,1.6,candidate_bus,1,0,0.011627906976744186,0,28,3655,3655,0.0,-2.44583269122351
28,Beckenham Stn,1.65,rail_only,1,0,0.011627906976744186,0,28,2886,3655,0.21039671682626537,1.7821572581411682
28,Beckenham Stn,1.65,manual_bus,1,0,0.011627906976744186,0,28,2886,3655,0.21039671682626537,1.7821572581411682
28,Beckenham Stn,1.65,candidate_bus,1,0,0.011627906976744186,0,28,3655,3655,0.0,-2.44583269122351
28,Beckenham Stn,1.7,rail_only,1,0,0.011627906976744186,0,28,2886,3655,0.21039671682626537,1.7821572581411682
28,Beckenham Stn,1.7,manual_bus,1,0,0.011627906976744186,0,28,2886,3655,0.21039671682626537,1.7821572581411682
28,Beckenham Stn,1.7,candidate_bus,1,0,0.011627906976744186,0,28,3655,3655,0.0,-2.44583269122351
28,Beckenham Stn,1.75,rail_only,1,0,0.011627906976744186,0,28,2886,3655,0.21039671682626537,1.7821572581411682
28,Beckenham Stn,1.75,manual_bus,1,0,0.011627906976744186,0,28,2886,3655,0.21039671682626537,1.7821572581411682
28,Beckenham Stn,1.75,candidate_bus,1,0,0.011627906976744186,0,28,3655,3655,0.0,-2.44583269122351
28,Beckenham Stn,1.8,rail_only,1,0,0.011627906976744186,0,28,2886,3655,0.21039671682626537,1.7821572581411682
28,Beckenham Stn,1.8,manual_bus,1,0,0.011627906976744186,0,28,2886,3655,0.21039671682626537,1.7821572581411682
28,Beckenham Stn,1.8,candidate_bus,1,0,0.011627906976744186,0,28,3655,3655,0.0,-2.44583269122351
28,Beckenham Stn,1.85,rail_only,1,0,0.011627906976744186,0,28,2886,3655,0.21039671682626537,1.7821572581411682
28,Beckenham Stn,1.85,manual_bus,1,0,0.011627906976744186,0,28,2886,3655,0.21039671682626537,1.7821572581411682
28,Beckenham Stn,1.85,candidate_bus,1,0,0.011627906976744186,0,28,3655,3655,0.0,-2.44583269122351
28,Beckenham Stn,1.9,rail_only,1,0,0.011627906976744186,0,28,2886,3655,0.21039671682626537,1.7821572581411682
28,Beckenham Stn,1.9,manual_bus,1,0,0.011627906976744186,0,28,2886,3655,0.21039671682626537,1.7821572581411682
28,Beckenham Stn,1.9,candidate_bus,1,0,0.011627906976744186,0,28,3655,3655,0.0,-2.44583269122351
28,Beckenham Stn,1.95,rail_only,1,0,0.011627906976744186,0,28,2886,3655,0.21039671682626537,1.7821572581411682
28,Beckenham Stn,1.95,manual_bus,1,0,0.011627906976744186,0,28,2886,3655,0.21039671682626537,1.7821572581411682
28,Beckenham Stn,1.95,candidate_bus,1,0,0.011627906976744186,0,28,3655,3655,0.0,-2.44583269122351
28,Beckenham Stn,2.0,rail_only,1,0,0.011627906976744186,0,28,2886,3655,0.21039671682626537,1.7821572581411682
28,Beckenham Stn,2.0,manual_bus,1,0,0.011627906976744186,0,28,2886,3655,0.21039671682626537,1.7821572581411682
28,Beckenham Stn,2.0,candidate_bus,1,0,0.011627906976744186,0,28,3655,3655,0.0,-2.44583269122351
