scenario,kind,label,n_closure,strategy,budget,alpha,selected_count,recovery_rounds,secondary_failures,failed_after_cascade,total_pair_count,reachable_pair_count,served_od_fraction,total_demand_weight,served_demand_weight,served_demand_fraction,mean_travel_time_penalty_min,mean_reachable_minutes
interchange:22,interchange,Mciver Stn,1,corridor_reinforcement,2,0.2,2,1,17,22;12;135;140;162;163;28;33;48;58;64;73;82;83;84;86;96;99,3655,529,0.14473324213406294,249900.0,36698.0,0.14685074029611844,-0.11087954594762951,17.962677298794155
interchange:22,interchange,Mciver Stn,1,demand_adaptive,2,0.2,1,1,17,22;12;135;140;162;163;28;33;48;58;64;73;82;83;84;86;96;99,3655,529,0.14473324213406294,249900.0,36698.0,0.14685074029611844,-0.005019432526079405,18.068537412215704
interchange:22,interchange,Mciver Stn,1,existing_bus,2,0.2,2,1,17,22;12;135;140;162;163;28;33;48;58;73;8;82;83;84;86;96;99,3655,517,0.14145006839945282,249900.0,34832.0,0.13938375350140056,-0.4069963453360667,17.407452689087258
interchange:22,interchange,Mciver Stn,1,no_backup,2,0.2,0,1,17,22;12;135;140;162;163;28;33;48;58;64;73;82;83;84;86;96;99,3655,511,0.13980848153214775,249900.0,34286.0,0.13719887955182072,0.0,18.16373974300715
interchange:22,interchange,Mciver Stn,1,shuttle_bridging,2,0.2,1,1,17,22;12;135;140;162;163;28;33;48;58;64;73;82;83;84;86;96;99,3655,529,0.14473324213406294,249900.0,36698.0,0.14685074029611844,-0.005019432526079405,18.068537412215704
interchange:23,interchange,Bayswater Stn,1,corridor_reinforcement,2,0.2,2,0,0,23,3655,2874,0.7863201094391244,249900.0,206460.0,0.8261704681872749,2.0333281544019086,50.15898266661019
interchange:23,interchange,Bayswater Stn,1,demand_adaptive,2,0.2,2,1,7,23;100;156;157;158;8;88;98,3655,1618,0.4426812585499316,249900.0,119242.0,0.47715886354541814,-0.02990620815125154,38.39512403877031
interchange:23,interchange,Bayswater Stn,1,existing_bus,2,0.2,2,0,0,23,3655,2449,0.6700410396716826,249900.0,179380.0,0.7178071228491396,-1.9310267228780948,45.91876479521768
interchange:23,interchange,Bayswater Stn,1,no_backup,2,0.2,0,0,0,23,3655,2449,0.6700410396716826,249900.0,179380.0,0.7178071228491396,0.0,47.849791518095785
interchange:23,interchange,Bayswater Stn,1,shuttle_bridging,2,0.2,2,1,7,23;100;156;157;158;8;88;98,3655,1618,0.4426812585499316,249900.0,119242.0,0.47715886354541814,-0.02990620815125154,38.39512403877031
interchange:26,interchange,East Perth Stn,1,corridor_reinforcement,2,0.2,2,0,0,26,3655,3655,1.0,249900.0,249900.0,1.0,0.7614634796611796,48.26352968178392
interchange:26,interchange,East Perth Stn,1,demand_adaptive,2,0.2,2,0,0,26,3655,3655,1.0,249900.0,249900.0,1.0,0.7614634796611796,48.26352968178392
interchange:26,interchange,East Perth Stn,1,existing_bus,2,0.2,2,0,0,26,3655,2316,0.6336525307797538,249900.0,161820.0,0.6475390156062425,-1.9620942967783888,45.59024405876406
interchange:26,interchange,East Perth Stn,1,no_backup,2,0.2,0,0,0,26,3655,2316,0.6336525307797538,249900.0,161820.0,0.6475390156062425,0.0,47.552338355542446
interchange:26,interchange,East Perth Stn,1,shuttle_bridging,2,0.2,2,0,0,26,3655,3655,1.0,249900.0,249900.0,1.0,0.7614634796611796,48.26352968178392
interchange:37,interchange,Meltham Stn,1,corridor_reinforcement,2,0.2,2,0,0,37,3655,3570,0.9767441860465116,249900.0,241920.0,0.9680672268907563,1.078736330892746,48.92498815011979
interchange:37,interchange,Meltham Stn,1,demand_adaptive,2,0.2,1,0,0,37,3655,3570,0.9767441860465116,249900.0,241920.0,0.9680672268907563,1.0938366706776244,48.940088489904674
interchange:37,interchange,Meltham Stn,1,existing_bus,2,0.2,2,0,0,37,3655,2466,0.6746922024623803,249900.0,176760.0,0.7073229291716686,-1.8989723970320467,45.322911829350225
interchange:37,interchange,Meltham Stn,1,no_backup,2,0.2,0,0,0,37,3655,2466,0.6746922024623803,249900.0,176760.0,0.7073229291716686,0.0,47.22188422638227
interchange:37,interchange,Meltham Stn,1,shuttle_bridging,2,0.2,1,0,0,37,3655,3570,0.9767441860465116,249900.0,241920.0,0.9680672268907563,1.0938366706776244,48.940088489904674
interchange:44,interchange,Mt Lawley Stn,1,corridor_reinforcement,2,0.2,2,0,0,44,3655,3655,1.0,249900.0,249900.0,1.0,0.4268921272733054,47.928958329396046
interchange:44,interchange,Mt Lawley Stn,1,demand_adaptive,2,0.2,2,0,0,44,3655,3655,1.0,249900.0,249900.0,1.0,0.4268921272733054,47.928958329396046
interchange:44,interchange,Mt Lawley Stn,1,existing_bus,2,0.2,2,0,0,44,3655,2364,0.6467852257181943,249900.0,166560.0,0.6665066026410564,-1.9418057972022738,45.47133700218452
interchange:44,interchange,Mt Lawley Stn,1,no_backup,2,0.2,0,0,0,44,3655,2364,0.6467852257181943,249900.0,166560.0,0.6665066026410564,0.0,47.41314279938679
interchange:44,interchange,Mt Lawley Stn,1,shuttle_bridging,2,0.2,2,0,0,44,3655,3655,1.0,249900.0,249900.0,1.0,0.4268921272733054,47.928958329396046
interchange:49,interchange,Maylands Stn,1,corridor_reinforcement,2,0.2,2,0,0,49,3655,3655,1.0,249900.0,249900.0,1.0,1.54229857636642,49.04436477848917
interchange:49,interchange,Maylands Stn,1,demand_adaptive,2,0.2,2,0,0,49,3655,3655,1.0,249900.0,249900.0,1.0,1.54229857636642,49.04436477848917
interchange:49,interchange,Maylands Stn,1,existing_bus,2,0.2,2,0,0,49,3655,2414,0.6604651162790698,249900.0,171540.0,0.6864345738295318,-1.9207321532036459,45.381274870465035
interchange:49,interchange,Maylands Stn,1,no_backup,2,0.2,0,0,0,49,3655,2414,0.6604651162790698,249900.0,171540.0,0.6864345738295318,0.0,47.30200702366868
interchange:49,interchange,Maylands Stn,1,shuttle_bridging,2,0.2,2,0,0,49,3655,3655,1.0,249900.0,249900.0,1.0,1.54229857636642,49.04436477848917
interchange:56,interchange,Perth Stn,1,corridor_reinforcement,2,0.2,2,0,0,56,3655,3655,1.0,249900.0,249900.0,1.0,1.165934153957469,48.668000356080206
interchange:56,interchange,Perth Stn,1,demand_adaptive,2,0.2,1,1,17,56;12;135;140;162;163;28;33;48;58;73;8;82;83;84;86;96;99,3655,503,0.13761969904240767,249900.0,32892.0,0.13162064825930372,-0.4210630071306958,17.405327478641315
interchange:56,interchange,Perth Stn,1,existing_bus,2,0.2,2,1,17,56;12;135;140;162;163;28;33;48;58;73;8;82;83;84;86;96;99,3655,504,0.13789329685362517,249900.0,32964.0,0.13190876350540215,-0.4249029655876518,17.3727772257075
interchange:56,interchange,Perth Stn,1,no_backup,2,0.2,0,1,11,56;12;135;162;163;28;82;83;84;86;96;99,3655,648,0.17729138166894665,249900.0,45242.0,0.1810404161664666,0.0,19.68153212352169
interchange:56,interchange,Perth Stn,1,shuttle_bridging,2,0.2,1,1,17,56;12;135;140;162;163;28;33;48;58;73;8;82;83;84;86;96;99,3655,503,0.13761969904240767,249900.0,32892.0,0.13162064825930372,-0.4210630071306958,17.405327478641315
interchange:72,interchange,Claisebrook Stn,1,corridor_reinforcement,2,0.2,2,1,10,72;135;162;163;28;64;82;83;86;96;99,3655,949,0.2596443228454172,249900.0,67814.0,0.2713645458183273,1.166962681074016,24.05877141245855
interchange:72,interchange,Claisebrook Stn,1,demand_adaptive,2,0.2,2,1,10,72;135;162;163;28;64;82;83;86;96;99,3655,949,0.2596443228454172,249900.0,67814.0,0.2713645458183273,1.166962681074016,24.05877141245855
interchange:72,interchange,Claisebrook Stn,1,existing_bus,2,0.2,2,1,9,72;135;162;163;8;82;83;86;96;99,3655,615,0.16826265389876882,249900.0,40754.0,0.1630812324929972,-0.3591807309293968,18.06182629233751
interchange:72,interchange,Claisebrook Stn,1,no_backup,2,0.2,0,1,8,72;135;162;163;82;83;86;96;99,3655,875,0.2393980848153215,249900.0,60292.0,0.24126450580232092,0.0,30.615029043125602
interchange:72,interchange,Claisebrook Stn,1,shuttle_bridging,2,0.2,2,1,10,72;135;162;163;28;64;82;83;86;96;99,3655,949,0.2596443228454172,249900.0,67814.0,0.2713645458183273,1.166962681074016,24.05877141245855
line_closure:Airport Line,line_closure,Airport Line,3,corridor_reinforcement,2,0.2,2,1,7,147;148;149;24;34;39;41;59;7;95,3655,2852,0.7803009575923393,249900.0,205580.0,0.8226490596238495,-0.0057794639983613245,48.4513826500471
line_closure:Airport Line,line_closure,Airport Line,3,demand_adaptive,2,0.2,2,1,7,147;148;149;24;34;39;41;59;7;95,3655,2852,0.7803009575923393,249900.0,205580.0,0.8226490596238495,-0.0057794639983613245,48.4513826500471
line_closure:Airport Line,line_closure,Airport Line,3,existing_bus,2,0.2,2,1,1,147;148;149;15,3655,2437,0.6667578659370725,249900.0,174060.0,0.6965186074429772,-0.003289467369355121,48.10562262731059
line_closure:Airport Line,line_closure,Airport Line,3,no_backup,2,0.2,0,0,0,147;148;149,3655,3403,0.9310533515731874,249900.0,236160.0,0.9450180072028812,0.0,47.77853054050613
line_closure:Airport Line,line_closure,Airport Line,3,shuttle_bridging,2,0.2,2,1,7,147;148;149;24;34;39;41;59;7;95,3655,2852,0.7803009575923393,249900.0,205580.0,0.8226490596238495,-0.0057794639983613245,48.4513826500471
line_closure:Armadale Line,line_closure,Armadale Line,9,corridor_reinforcement,2,0.2,2,0,0,164;2;43;66;67;68;89;91;92,3655,3081,0.8429548563611491,249900.0,219180.0,0.8770708283313325,0.7789051376698877,46.54992895900098
line_closure:Armadale Line,line_closure,Armadale Line,9,demand_adaptive,2,0.2,2,0,0,164;2;43;66;67;68;89;91;92,3655,3081,0.8429548563611491,249900.0,219180.0,0.8770708283313325,0.7789051376698877,46.54992895900098
line_closure:Armadale Line,line_closure,Armadale Line,9,existing_bus,2,0.2,2,1,1,164;2;43;66;67;68;89;91;92;15,3655,2044,0.559233926128591,249900.0,152398.0,0.6098359343737495,-0.023814122901276644,46.07661444628048
line_closure:Armadale Line,line_closure,Armadale Line,9,no_backup,2,0.2,0,0,0,164;2;43;66;67;68;89;91;92,3655,2926,0.800547195622435,249900.0,210596.0,0.8427210884353742,0.0,45.89810735914238
line_closure:Armadale Line,line_closure,Armadale Line,9,shuttle_bridging,2,0.2,2,0,0,164;2;43;66;67;68;89;91;92,3655,3081,0.8429548563611491,249900.0,219180.0,0.8770708283313325,0.3938099602105713,46.16483378154165
line_closure:Ellenbrook Line,line_closure,Ellenbrook Line,5,corridor_reinforcement,2,0.2,2,1,2,156;157;158;159;160;39;7,3655,2714,0.7425444596443228,249900.0,197620.0,0.790796318527411,-0.0025274273137214443,47.86947040338457
line_closure:Ellenbrook Line,line_closure,Ellenbrook Line,5,demand_adaptive,2,0.2,2,1,2,156;157;158;159;160;39;7,3655,2714,0.7425444596443228,249900.0,197620.0,0.790796318527411,-0.0025274273137214443,47.86947040338457
line_closure:Ellenbrook Line,line_closure,Ellenbrook Line,5,existing_bus,2,0.2,2,1,1,156;157;158;159;160;15,3655,2302,0.6298221614227086,249900.0,166452.0,0.6660744297719088,-0.009369958176722593,47.68736589789214
line_closure:Ellenbrook Line,line_closure,Ellenbrook Line,5,no_backup,2,0.2,0,0,0,156;157;158;159;160,3655,3240,0.8864569083447332,249900.0,227200.0,0.9091636654661864,0.0,47.48084670881603
line_closure:Ellenbrook Line,line_closure,Ellenbrook Line,5,shuttle_bridging,2,0.2,2,1,2,156;157;158;159;160;39;7,3655,2714,0.7425444596443228,249900.0,197620.0,0.790796318527411,-0.0025274273137214443,47.86947040338457
line_closure:Fremantle Line,line_closure,Fremantle Line,7,corridor_reinforcement,2,0.2,2,0,0,1;19;32;38;5;50;87,3655,3240,0.8864569083447332,249900.0,226400.0,0.9059623849539816,-0.026791306334348754,47.470032350572865
line_closure:Fremantle Line,line_closure,Fremantle Line,7,demand_adaptive,2,0.2,2,0,0,1;19;32;38;5;50;87,3655,3240,0.8864569083447332,249900.0,226400.0,0.9059623849539816,-0.026791306334348754,47.470032350572865
line_closure:Fremantle Line,line_closure,Fremantle Line,7,existing_bus,2,0.2,2,0,0,1;19;32;38;5;50;87,3655,3081,0.8429548563611491,249900.0,217308.0,0.8695798319327731,-1.2697607189977955,46.388250322544145
line_closure:Fremantle Line,line_closure,Fremantle Line,7,no_backup,2,0.2,0,0,0,1;19;32;38;5;50;87,3655,3081,0.8429548563611491,249900.0,217308.0,0.8695798319327731,0.0,47.658011041541954
line_closure:Fremantle Line,line_closure,Fremantle Line,7,shuttle_bridging,2,0.2,2,0,0,1;19;32;38;5;50;87,3655,3240,0.8864569083447332,249900.0,226400.0,0.9059623849539816,-0.026791306334348754,47.470032350572865
line_closure:Mandurah Line,line_closure,Mandurah Line,10,corridor_reinforcement,2,0.2,2,0,0,101;138;150;74;82;83;93;94;96;97,3655,3003,0.8216142270861833,249900.0,209055.0,0.8365546218487395,0.49119903752787475,41.27930226980153
line_closure:Mandurah Line,line_closure,Mandurah Line,10,demand_adaptive,2,0.2,2,0,0,101;138;150;74;82;83;93;94;96;97,3655,3003,0.8216142270861833,249900.0,209055.0,0.8365546218487395,0.49119903752787475,41.27930226980153
line_closure:Mandurah Line,line_closure,Mandurah Line,10,existing_bus,2,0.2,2,1,1,101;138;150;74;82;83;93;94;96;97;15,3655,1982,0.5422708618331054,249900.0,140873.0,0.563717486994798,0.2781502846982475,40.560908127499594
line_closure:Mandurah Line,line_closure,Mandurah Line,10,no_backup,2,0.2,0,0,0,101;138;150;74;82;83;93;94;96;97,3655,2850,0.7797537619699042,249900.0,196575.0,0.7866146458583433,0.19263726078734034,40.96714352748249
line_closure:Mandurah Line,line_closure,Mandurah Line,10,shuttle_bridging,2,0.2,2,0,0,101;138;150;74;82;83;93;94;96;97,3655,3003,0.8216142270861833,249900.0,207438.0,0.8300840336134454,0.4774175062485647,41.525769917926034
line_closure:Midland Line,line_closure,Midland Line,7,corridor_reinforcement,2,0.2,2,1,1,24;34;39;41;59;7;95;156,3655,2710,0.7414500683994528,249900.0,197460.0,0.7901560624249699,-0.005175200347908856,47.940747862173936
line_closure:Midland Line,line_closure,Midland Line,7,demand_adaptive,2,0.2,2,1,1,24;34;39;41;59;7;95;156,3655,2710,0.7414500683994528,249900.0,197460.0,0.7901560624249699,-0.005175200347908856,47.940747862173936
line_closure:Midland Line,line_closure,Midland Line,7,existing_bus,2,0.2,2,1,1,24;34;39;41;59;7;95;15,3655,2171,0.5939808481532147,249900.0,159004.0,0.6362705082032813,-0.016178192292267357,48.5301858847518
line_closure:Midland Line,line_closure,Midland Line,7,no_backup,2,0.2,0,0,0,24;34;39;41;59;7;95,3655,3081,0.8429548563611491,249900.0,218400.0,0.8739495798319328,0.0,48.280904619226064
line_closure:Midland Line,line_closure,Midland Line,7,shuttle_bridging,2,0.2,2,1,1,24;34;39;41;59;7;95;156,3655,2710,0.7414500683994528,249900.0,197460.0,0.7901560624249699,-0.005175200347908856,47.940747862173936
line_closure:Thornlie-Cockburn Line,line_closure,Thornlie-Cockburn Line,3,corridor_reinforcement,2,0.2,2,1,4,162;163;99;135;82;83;96,3655,2516,0.6883720930232559,249900.0,171168.0,0.6849459783913565,-0.006081576707658982,40.45045945631841
line_closure:Thornlie-Cockburn Line,line_closure,Thornlie-Cockburn Line,3,demand_adaptive,2,0.2,2,1,4,162;163;99;135;82;83;96,3655,2516,0.6883720930232559,249900.0,171168.0,0.6849459783913565,-0.006081576707658982,40.45045945631841
line_closure:Thornlie-Cockburn Line,line_closure,Thornlie-Cockburn Line,3,existing_bus,2,0.2,2,1,3,162;163;99;15;82;83,3655,1780,0.48700410396716826,249900.0,127999.0,0.5122008803521408,0.04060898711536774,39.64652875414817
line_closure:Thornlie-Cockburn Line,line_closure,Thornlie-Cockburn Line,3,no_backup,2,0.2,0,1,2,162;163;99;82;83,3655,2592,0.7091655266757866,249900.0,180577.0,0.7225970388155262,0.0,40.20128795875507
line_closure:Thornlie-Cockburn Line,line_closure,Thornlie-Cockburn Line,3,shuttle_bridging,2,0.2,2,1,4,162;163;99;135;82;83;96,3655,2516,0.6883720930232559,249900.0,171168.0,0.6849459783913565,-0.006081576707658982,40.45045945631841
line_closure:Yanchep Line,line_closure,Yanchep Line,14,corridor_reinforcement,2,0.2,2,0,0,100;102;133;153;154;155;4;46;8;85;88;9;90;98,3655,2701,0.7389876880984952,249900.0,185858.0,0.7437294917967187,-0.04967498898443315,39.862066671932745
line_closure:Yanchep Line,line_closure,Yanchep Line,14,demand_adaptive,2,0.2,2,0,0,100;102;133;153;154;155;4;46;8;85;88;9;90;98,3655,2701,0.7389876880984952,249900.0,185858.0,0.7437294917967187,-0.04967498898443315,39.862066671932745
line_closure:Yanchep Line,line_closure,Yanchep Line,14,existing_bus,2,0.2,2,0,0,100;102;133;153;154;155;4;46;8;85;88;9;90;98,3655,2628,0.719015047879617,249900.0,180000.0,0.7202881152460985,-0.13064999563335178,39.84175999556976
line_closure:Yanchep Line,line_closure,Yanchep Line,14,no_backup,2,0.2,0,0,0,100;102;133;153;154;155;4;46;8;85;88;9;90;98,3655,2556,0.6993160054719563,249900.0,174234.0,0.6972148859543817,0.0,40.159574039079075
line_closure:Yanchep Line,line_closure,Yanchep Line,14,shuttle_bridging,2,0.2,2,0,0,100;102;133;153;154;155;4;46;8;85;88;9;90;98,3655,2701,0.7389876880984952,249900.0,185858.0,0.7437294917967187,-0.04967498898443315,39.862066671932745
random:0,random,seeded set 0,5,corridor_reinforcement,2,0.2,2,0,0,30;38;85;87;99,3655,2572,0.7036935704514364,249900.0,185207.0,0.741124449779912,0.858407813156324,43.3182719160079
random:0,random,seeded set 0,5,demand_adaptive,2,0.2,2,1,4,30;38;85;87;99;135;82;83;96,3655,2067,0.5655266757865937,249900.0,144192.0,0.5769987995198079,2.3708549802924703,36.364185433110215
random:0,random,seeded set 0,5,existing_bus,2,0.2,2,0,0,30;38;85;87;99,3655,2572,0.7036935704514364,249900.0,185207.0,0.741124449779912,1.646979977135602,44.10684407998718
random:0,random,seeded set 0,5,no_backup,2,0.2,0,0,0,30;38;85;87;99,3655,2572,0.7036935704514364,249900.0,185207.0,0.741124449779912,2.6500096794082673,45.10987378225985
random:0,random,seeded set 0,5,shuttle_bridging,2,0.2,2,1,4,30;38;85;87;99;135;82;83;96,3655,2067,0.5655266757865937,249900.0,144192.0,0.5769987995198079,2.3708549802924703,36.364185433110215
random:1,random,seeded set 1,5,corridor_reinforcement,2,0.2,2,1,8,140;59;8;89;91;135;162;163;82;83;86;96;99,3655,1289,0.3526675786593707,249900.0,94599.0,0.37854741896758703,9.224544828516166,46.36697282287187
random:1,random,seeded set 1,5,demand_adaptive,2,0.2,2,1,9,140;59;8;89;91;135;162;163;43;82;83;86;96;99,3655,1293,0.35376196990424075,249900.0,94878.0,0.3796638655462185,1.4082113684101782,38.60776527949831
random:1,random,seeded set 1,5,existing_bus,2,0.2,2,1,8,140;59;8;89;91;135;162;163;82;83;86;96;99,3655,845,0.23119015047879618,249900.0,63029.0,0.2522168867547019,-0.3673835217860556,21.852487843586566
random:1,random,seeded set 1,5,no_backup,2,0.2,0,1,8,140;59;8;89;91;135;162;163;82;83;86;96;99,3655,808,0.2210670314637483,249900.0,59911.0,0.23973989595838335,0.0,22.07450377426342
random:1,random,seeded set 1,5,shuttle_bridging,2,0.2,2,1,9,140;59;8;89;91;135;162;163;43;82;83;86;96;99,3655,1293,0.35376196990424075,249900.0,94878.0,0.3796638655462185,1.4082113684101782,38.60776527949831
random:2,random,seeded set 2,5,corridor_reinforcement,2,0.2,2,0,0,148;149;156;164;50,3655,2713,0.7422708618331053,249900.0,197020.0,0.7883953581432573,0.42526967767613183,46.946922533069745
random:2,random,seeded set 2,5,demand_adaptive,2,0.2,2,1,4,148;149;156;164;50;159;34;39;7,3655,2423,0.6629274965800274,249900.0,181100.0,0.7246898759503801,0.36608850057192494,47.79708065704084
random:2,random,seeded set 2,5,existing_bus,2,0.2,2,0,0,148;149;156;164;50,3655,2640,0.7222982216142271,249900.0,192888.0,0.7718607442977191,-1.5102591150908935,45.217374773214296
random:2,random,seeded set 2,5,no_backup,2,0.2,0,0,0,148;149;156;164;50,3655,2640,0.7222982216142271,249900.0,192888.0,0.7718607442977191,0.0,46.72763388830519
random:2,random,seeded set 2,5,shuttle_bridging,2,0.2,2,1,4,148;149;156;164;50;159;34;39;7,3655,2423,0.6629274965800274,249900.0,181100.0,0.7246898759503801,0.36608850057192494,47.79708065704084
random:3,random,seeded set 3,5,corridor_reinforcement,2,0.2,2,0,0,147;2;72;92;99,3655,2566,0.7020519835841313,249900.0,184910.0,0.7399359743897559,4.157105409083423,50.78864895456145
random:3,random,seeded set 3,5,demand_adaptive,2,0.2,2,1,1,147;2;72;92;99;135,3655,1349,0.3690834473324213,249900.0,96871.0,0.3876390556222489,1.1489038994747576,38.79714462450781
random:3,random,seeded set 3,5,existing_bus,2,0.2,2,0,0,147;2;72;92;99,3655,1255,0.3433652530779754,249900.0,92503.0,0.37016006402561025,-2.3026832055965545,44.93038214988375
random:3,random,seeded set 3,5,no_backup,2,0.2,0,0,0,147;2;72;92;99,3655,1255,0.3433652530779754,249900.0,92503.0,0.37016006402561025,0.6695264804034774,47.90259183588379
random:3,random,seeded set 3,5,shuttle_bridging,2,0.2,2,1,1,147;2;72;92;99;135,3655,1349,0.3690834473324213,249900.0,96871.0,0.3876390556222489,1.1489038994747576,38.79714462450781
random:4,random,seeded set 4,5,corridor_reinforcement,2,0.2,2,1,3,135;150;41;43;76;162;163;99,3655,1677,0.4588235294117647,249900.0,125620.0,0.5026810724289716,-1.5282368231333927,36.42374363322029
random:4,random,seeded set 4,5,demand_adaptive,2,0.2,2,1,11,135;150;41;43;76;12;140;162;163;28;33;48;58;73;84;99,3655,1383,0.3783857729138167,249900.0,104114.0,0.4166226490596239,1.1770441294822431,38.25654750452167
random:4,random,seeded set 4,5,existing_bus,2,0.2,2,1,3,135;150;41;43;76;162;163;99,3655,1621,0.4435020519835841,249900.0,118402.0,0.47379751900760303,-1.5048028362779253,36.75423806753844
random:4,random,seeded set 4,5,no_backup,2,0.2,0,1,3,135;150;41;43;76;162;163;99,3655,1621,0.4435020519835841,249900.0,118402.0,0.47379751900760303,0.0,38.25904090381636
random:4,random,seeded set 4,5,shuttle_bridging,2,0.2,2,1,11,135;150;41;43;76;12;140;162;163;28;33;48;58;73;84;99,3655,1383,0.3783857729138167,249900.0,104114.0,0.4166226490596239,1.1770441294822431,38.25654750452167
