stop_id,stop_name,stop_lat,stop_lon
148,Airport Central Stn,-31.94410833333340,115.974833888889
153,Alkimos Stn,-31.6151,115.6925205550
43,Armadale Stn,-32.1536,116.0130
7,Ashfield Stn,-31.91281156862750,115.936132156863
138,Aubin Grove Stn,-32.1551978012,115.8578771850
158,Ballajura Stn,-31.8497761682028550,115.92254229200543
39,Bassendean Stn,-31.9035,115.9472
23,Bayswater Stn,-31.918280,115.9118
28,Beckenham Stn,-32.022530,115.9543588890
82,Bull Creek Stn,-32.04685986928110,115.854182516340
33,Burswood Stn,-31.95989004135350,115.899956109201
133,Butler Stn,-31.6354,115.7001
164,Byford Stn,-32.21676055555560,116.0072218020
83,Canning Bridge Stn,-32.009403277174,115.856144337452
84,Cannington Stn,-32.01323110,115.944560
58,Carlisle Stn,-31.98024722222220,115.910302222222
2,Challis Stn,-32.1263405556,116.0129372220
31,City West Stn,-31.94484686978980,115.845502722311
72,Claisebrook Stn,-31.94957193700470,115.872187418549
30,Claremont Stn,-31.98057326797390,115.781675588235
85,Clarkson Stn,-31.69052150920340,115.738003206749
86,Cockburn Central Stn,-32.12527763836040,115.858341991888
50,Cottesloe Stn,-31.99702078431370,115.760915718954
4,Currambine Stn,-31.7249,115.749599
36,Daglish Stn,-31.95189859477130,115.813259313726
59,East Guildford Stn,-31.89639304306040,115.980065676663
26,East Perth Stn,-31.944232,115.877124
46,Edgewater Stn,-31.77195991979740,115.778611068003
154,Eglinton Stn,-31.5838,115.6725
135,Elizabeth Quay Stn,-31.956630844149,115.855488181576
160,Ellenbrook Stn,-31.7813235890,115.9633005010
87,Fremantle Stn,-32.05192979915240,115.745192259448
88,Glendalough Stn,-31.91446011725290,115.823086504746
89,Gosnells Stn,-32.07147034479220,115.999901764970
19,Grant Street Stn,-31.9865844444,115.7648911110
9,Greenwood Stn,-31.81838616519310,115.783220927090
24,Guildford Stn,-31.898944248366,115.965990228758
149,High Wycombe Stn,-31.95451222222220,115.992497222222
90,Joondalup Stn,-31.7454852770,115.76742763
76,Karrakatta Stn,-31.96837241830070,115.796145588235
91,Kelmscott Stn,-32.11323898322850,116.013248469602
92,Kenwick Stn,-32.03584044541940,115.969171848321
93,Kwinana Stn,-32.234942254902,115.842646928105
150,Lakelands Stn,-32.47368777777780,115.770676666667
8,Leederville Stn,-31.9395,115.840207290060
42,Loch Street Stn,-31.97172251633990,115.791536013072
68,Maddington Stn,-32.049660,115.9834
94,Mandurah Stn,-32.52681525960630,115.746858773579
49,Maylands Stn,-31.9282811111,115.8918761110
22,Mciver Stn,-31.9517538889,115.8664166670
37,Meltham Stn,-31.92246166947510,115.900294878119
95,Midland Stn,-31.8918,116.0027
156,Morley Stn,-31.89597515909142,115.91993499161299
5,Mosman Park Stn,-32.00701963091120,115.757384842368
44,Mt Lawley Stn,-31.9348561111,115.8808622220
96,Murdoch Stn,-32.0661222275,115.8504878250
162,Nicholson Rd Stn,-32.06137833333330,115.934645555556
157,Noranda Stn,-31.8750,115.9180
1,North Fremantle Stn,-32.02954722222220,115.751859705882
73,Oats Street Stn,-31.987580,115.9161
140,Perth Stadium Stn,-31.950750,115.8928
56,Perth Stn,-31.951246,115.859906
64,Perth Underground Stn,-31.95146166666670,115.858201241830
12,Queens Park Stn,-32.0070044444,115.9383911110
163,Ranford Rd Stn,-32.0760,115.8970
147,Redcliffe Stn,-31.93356944444450,115.950073888889
97,Rockingham Stn,-32.289870751634,115.761335784314
67,Seaforth Stn,-32.0846438889,116.0112044440
17,Shenton Park Stn,-31.95960091503270,115.805466209150
66,Sherwood Stn,-32.1376083333,116.0104605560
16,Showgrounds Stn,-31.977085,115.786970
98,Stirling Stn,-31.89417106644330,115.804586772753
6,Subiaco Stn,-31.94468816993460,115.824100555556
34,Success Hill Stn,-31.90020813725490,115.955894019608
38,Swanbourne Stn,-31.98264648845560,115.770781188506
99,Thornlie Stn,-32.0472,115.9524
48,Victoria Park Stn,-31.97156055555560,115.902151666667
32,Victoria Street Stn,-32.011718496732,115.754985
74,Warnbro Stn,-32.326722746478,115.767902540085
100,Warwick Stn,-31.8447190770,115.7963982360
101,Wellard Stn,-32.26391895424840,115.817305686274
15,West Leederville Stn,-31.94263944444450,115.833045457516
159,Whiteman Park Stn,-31.83588944444440,115.963836666667
102,Whitfords Stn,-31.7994069520,115.7823322130
41,Woodbridge Stn,-31.8915,115.9931
155,Yanchep Stn,-31.5322855550,115.643930
