trip_id,stop_id,stop_sequence
2560593,95045,1
2560593,95043,2
2560593,95041,3
2560593,95039,4
2560593,95037,5
2560593,95035,6
2560593,95033,7
2560593,95031,8
2560593,95029,9
2560593,95027,10
2560593,95025,11
2560594,95045,1
2560594,95043,2
2560594,95041,3
2560594,95039,4
2560594,95037,5
2560594,95035,6
2560594,95033,7
2560594,95031,8
2560594,95029,9
2560594,95027,10
2560594,95025,11
2560595,95045,1
2560595,95043,2
2560595,95041,3
2560595,95039,4
2560595,95037,5
2560595,95035,6
2560595,95033,7
2560595,95031,8
