location_type,parent_station,stop_id,stop_code,stop_name,stop_desc,stop_lat,stop_lon,zone_id,supported_modes,iptiscode
0,,10000,10000,Albany Hwy After Armadale Rd,,-32.1479141805,116.0202040250,4,Bus,
0,,10001,10001,Albany Hwy After Frys L,,-32.14495388888890,116.018315,3,Bus,
0,,10002,10002,Albany Hwy After Clarence Rd,,-32.1420584628,116.0172205010,3,Bus,
0,,10003,10003,Albany Hwy After Rogers L,,-32.13911388888890,116.017382222222,3,Bus,
0,,10004,10004,Albany Hwy After Galliers Av,,-32.13649444444450,116.017608888889,3,Bus,
0,,10005,10005,Albany Hwy Armadale Kelmscott Hospital,Armadale Health Service (Albany Hwy),-32.1335845144,116.0177660770,3,Bus,
0,,10006,10006,Albany Hwy After Lilian Av,,-32.1301337202,116.0181165520,3,Bus,
0,,10007,10007,Albany Hwy After Valentine Rd,,-32.12777833333330,116.018321111111,3,Bus,
0,,10008,10008,Albany Hwy After Foster Rd,,-32.12358167,116.0178873310,3,Bus,
0,,10009,10009,Albany Hwy After Church St,Albany Hwy / Church St,-32.1190221387,116.0170019510,3,Bus,
0,,10010,10010,Albany Hwy After Davis Rd,Albany Hwy / Denny Av,-32.11660611111110,116.015872222222,3,Bus,
0,,10011,10011,Albany Hwy Kelmscott Stargate Shopping Ctr,Kelmscott Stargate Shop Ctr,-32.113325,116.014082222222,3,Bus,
0,,10012,10012,Albany Hwy After Page Rd,,-32.1100743905,116.01284248,3,Bus,
0,,10013,10013,Albany Hwy After Turner Pl,,-32.10823888888890,116.012628333333,3,Bus,
0,,10015,10015,Albany Hwy After Centre Rd,,-32.10226888888890,116.012041666667,3,Bus,
0,,10016,10016,Albany Hwy Before Lake Rd,,-32.09867722222230,116.012625,3,Bus,
0,,10017,10017,Albany Hwy After Lake Rd,,-32.09529722222220,116.013173333333,3,Bus,
0,,10019,10019,Albany Hwy After Tonkin Hwy,,-32.08649333333340,116.011679444444,3,Bus,
0,,10020,10020,Albany Hwy After Manning Av,Seaforth Stn (Albany Hwy),-32.08483277777780,116.011334444444,3,Bus,
0,,10021,10021,Albany Hwy After Ferres Dr,,-32.08086666666670,116.010276666667,3,Bus,
0,,10022,10022,Albany Hwy Before Verna St,,-32.078340,116.008545555556,3,Bus,
0,,10023,10023,Albany Hwy Before Clara St,,-32.0762403319,116.0068159340,3,Bus,
0,,10024,10024,Albany Hwy After Gerald St,,-32.07366277777780,116.004297777778,3,Bus,
0,,10025,10025,Albany Hwy After Dorothy St,Albany Hwy / Dorothy St,-32.071495,116.001641666667,3,Bus,
0,,10026,10026,Albany Hwy After Main St,,-32.0694261356,115.9995293080,3,Bus,
0,,10027,10027,Albany Hwy After Gosnells Rd,Albany Hwy / Gosnells Rd West,-32.06219555555550,115.997727777778,3,Bus,
0,,10028,10028,Albany Hwy Before Pitchford Av,,-32.06031166666670,115.995638888889,3,Bus,
0,,10029,10029,Albany Hwy After Helm St,,-32.0586535341,115.9934525450,3,Bus,
0,,10030,10030,Albany Hwy Before The Crescent,,-32.0574724227,115.9917786040,2,Bus,
0,,10031,10031,Albany Hwy After River Av,,-32.0554798902,115.9890851170,2,Bus,
