route_id,service_id,trip_id,direction_id,trip_headsign,shape_id
TRA-TRA-3527,339,2560593,1,East Perth,76845
TRA-TRA-3527,340,2560594,1,East Perth,76846
TRA-TRA-3527,341,2560595,1,East Perth,76847
TRA-TRA-2150,237,2560598,1,Esperance,76850
TRA-TRA-2150,238,2560599,1,Esperance,76851
TRA-TRA-2150,239,2560600,0,Kalgoorlie,76852
TRA-TRA-2150,240,2560601,0,Kalgoorlie,76853
TRA-TRA-2146,262,2560602,1,Esperance,76854
TRA-TRA-2146,263,2560603,0,East Perth,76855
TRA-TRA-2147,266,2560606,1,Esperance,76858
TRA-TRA-2147,267,2560607,0,East Perth,76859
TRA-TRA-2146,268,2560608,1,Esperance,76860
TRA-TRA-2146,269,2560609,0,East Perth,76861
TRA-TRA-2174,217,2560625,1,Albany,76862
TRA-TRA-2174,218,2560626,0,Bunbury Passenger,76863
TRA-TRA-2174,219,2560627,1,Albany,76864
TRA-TRA-2174,220,2560628,0,Bunbury Passenger,76865
TRA-TRA-2164,221,2560629,1,Albany,76866
TRA-TRA-2164,250,2560630,1,Albany,76867
TRA-TRA-2164,252,2560631,0,East Perth,76868
TRA-TRA-2164,254,2560632,1,Albany,76869
TRA-TRA-2164,256,2560634,1,Albany,76871
TRA-TRA-2173,223,2560636,1,East Perth,76873
TRA-TRA-2173,224,2560637,1,Albany,76874
TRA-TRA-2173,225,2560638,1,Albany,76875
TRA-TRA-2173,226,2560639,1,East Perth,76876
TRA-TRA-2173,227,2560640,0,East Perth,76877
TRA-TRA-2173,228,2560641,1,Albany,76878
TRA-TRA-2173,229,2560642,1,Albany,76879
TRA-TRA-2173,230,2560643,0,East Perth,76880
