route_id,agency_id,route_short_name,route_long_name,route_desc,route_type,route_url,route_color,route_text_color,mode
SCT-PCA-1,SCT-PCA,,Blue CAT,,3,,002F6C,FFFFFF,bus
SCT-PCA-2,SCT-PCA,,Red CAT,,3,,9D2235,FFFFFF,bus
PWT-FRY-3,PWT-FRY,,Ferry,,4,,009645,FFFFFF,ferry
SWA-SRI-133,SWA-SRI,212,,,3,,009645,FFFFFF,bus
TRA-TRA-137,TRA-TRA,,Australind,,2,,CF4520,FFFFFF,rail
SWA-SRI-141,SWA-SRI,228,,,3,,009645,FFFFFF,bus
SWA-SRI-142,SWA-SRI,232,,,3,,009645,FFFFFF,bus
TRA-TRA-145,TRA-TRA,,Prospector,,2,,CF4520,FFFFFF,rail
SWA-SRI-146,SWA-SRI,240,,,3,,009645,FFFFFF,bus
SWA-SRI-147,SWA-SRI,241,,,3,,009645,FFFFFF,bus
SWA-SRI-148,SWA-SRI,243,,,3,,009645,FFFFFF,bus
SWA-SRI-149,SWA-SRI,244,,,3,,009645,FFFFFF,bus
SWA-SRI-150,SWA-SRI,245,,,3,,009645,FFFFFF,bus
SWA-SRI-152,SWA-SRI,250,,,3,,009645,FFFFFF,bus
SWA-SRI-153,SWA-SRI,251,,,3,,009645,FFFFFF,bus
SWA-MAR-758,SWA-MAR,85,,,3,,009645,FFFFFF,bus
SWA-MAR-771,SWA-MAR,82,,,3,,009645,FFFFFF,bus
SWA-MAR-773,SWA-MAR,83,,,3,,009645,FFFFFF,bus
SWA-SRI-815,SWA-SRI,210,,,3,,009645,FFFFFF,bus
SWA-SRI-821,SWA-SRI,231,,,3,,009645,FFFFFF,bus
SCT-PCA-905,SCT-PCA,,Yellow CAT,,3,,F1B434,000000,bus
CRS-CAR-943,CRS-CAR,802,,,3,,009645,FFFFFF,bus
CRS-CAR-944,CRS-CAR,803,,,3,,009645,FFFFFF,bus
CRS-CAR-946,CRS-CAR,804,,,3,,009645,FFFFFF,bus
SWA-SRI-1463,SWA-SRI,220,,,3,,009645,FFFFFF,bus
SWA-CAN-1473,SWA-CAN,177,,,3,,009645,FFFFFF,bus
SWA-CLA-1643,SWA-CLA,23,,,3,,009645,FFFFFF,bus
SWA-CLA-1644,SWA-CLA,24,,,3,,009645,FFFFFF,bus
SWA-CLA-1645,SWA-CLA,25,,,3,,009645,FFFFFF,bus
SWA-CLA-1646,SWA-CLA,27,,,3,,009645,FFFFFF,bus
