dynamic,alpha,metric,n,mean,low,high,half_width,bootstrap_seed
False,0.1,post_trigger_size,2000,78.6105,77.5945,79.6160625,1.0107812500000009,3890642289391122579
False,0.1,rounds,2000,33.322,32.872275,33.807512499999994,0.4676187499999962,13194552230369835111
False,0.1,geographic_span_km,2000,102.63127789591479,101.34537241112204,103.86635885881202,1.260493223844989,11111639471956038763
False,0.1,p_cascade,2000,0.926,0.9145,0.937,0.011250000000000038,17250117878105928339
False,0.15,post_trigger_size,2000,77.633,76.5665,78.6480625,1.0407812499999949,13663400099114352980
False,0.15,rounds,2000,32.8965,32.3709125,33.402125,0.5156062499999976,9730848019483088636
False,0.15,geographic_span_km,2000,101.3546457959972,100.00482678092673,102.71322004682705,1.3541966329501562,9048968709368590896
False,0.15,p_cascade,2000,0.9145,0.902,0.927,0.012500000000000011,8740338556333592717
False,0.2,post_trigger_size,2000,77.633,76.61998750000001,78.6541125,1.0170624999999944,3183912491389313564
False,0.2,rounds,2000,32.8965,32.379987500000006,33.3870375,0.5035249999999962,5949121973118759131
False,0.2,geographic_span_km,2000,101.3546457959972,99.98178867293935,102.70645515150741,1.362333239284034,532761651423712841
False,0.2,p_cascade,2000,0.9145,0.902,0.9265,0.012249999999999983,1506482661414591140
False,0.3,post_trigger_size,2000,72.7755,71.456975,74.004,1.2735125000000025,13979231993396704432
False,0.3,rounds,2000,31.007,30.37785,31.607025,0.6145875000000007,13847736438894838385
False,0.3,geographic_span_km,2000,95.01069244508558,93.35799062095809,96.59198920300709,1.6169992910244986,6612843731356878049
False,0.3,p_cascade,2000,0.872,0.8574875000000001,0.8865,0.014506249999999943,14018864366221972692
True,0.1,post_trigger_size,2000,0.0,0.0,0.0,0.0,14980379390879744080
True,0.1,rounds,2000,0.0,0.0,0.0,0.0,4334491563628714339
True,0.1,geographic_span_km,2000,0.0,0.0,0.0,0.0,5538811458490959978
True,0.1,p_cascade,2000,0.0,0.0,0.0,0.0,17953239317561880555
True,0.15,post_trigger_size,2000,0.0,0.0,0.0,0.0,5818648893164833736
True,0.15,rounds,2000,0.0,0.0,0.0,0.0,17198842081230295376
True,0.15,geographic_span_km,2000,0.0,0.0,0.0,0.0,6162757919731342804
True,0.15,p_cascade,2000,0.0,0.0,0.0,0.0,16122056082393582508
True,0.2,post_trigger_size,2000,0.0,0.0,0.0,0.0,11947081216495603597
True,0.2,rounds,2000,0.0,0.0,0.0,0.0,13688660622209289907
True,0.2,geographic_span_km,2000,0.0,0.0,0.0,0.0,8029177728966207263
True,0.2,p_cascade,2000,0.0,0.0,0.0,0.0,3724557557259422957
True,0.3,post_trigger_size,2000,0.0,0.0,0.0,0.0,3333982947678075155
True,0.3,rounds,2000,0.0,0.0,0.0,0.0,10853528775621928138
True,0.3,geographic_span_km,2000,0.0,0.0,0.0,0.0,16145527746057045752
True,0.3,p_cascade,2000,0.0,0.0,0.0,0.0,2005262041724017033
