rule,alpha,metric,n,mean,low,high,half_width,bootstrap_seed
capacity,0.0,failed_fraction,300,0.8873255813953487,0.8509641472868217,0.9234496124031008,0.036242732558139534,8431846347943309920
capacity,0.0,gcc_fraction,300,0.11267441860465115,0.07961143410852713,0.14891569767441862,0.034652131782945746,4042681867674859579
capacity,0.025,failed_fraction,300,0.8873255813953487,0.847827519379845,0.9236821705426356,0.03792732558139528,1275975541612323131
capacity,0.025,gcc_fraction,300,0.11267441860465115,0.07965116279069767,0.152015503875969,0.03618217054263566,10440292027562320097
capacity,0.05,failed_fraction,300,0.8873255813953487,0.854341085271318,0.9203875968992247,0.03302325581395332,11724249445994358946
capacity,0.05,gcc_fraction,300,0.11267441860465115,0.07670155038759689,0.14891569767441862,0.03610707364341086,5892472470897923492
capacity,0.075,failed_fraction,300,0.8873255813953487,0.851046511627907,0.9206850775193796,0.034819282945736274,1745718741773654819
capacity,0.075,gcc_fraction,300,0.11267441860465115,0.07647286821705426,0.14906976744186043,0.03629844961240308,15460960693284752821
capacity,0.1,failed_fraction,300,0.8873255813953487,0.8511240310077519,0.9203488372093023,0.03461240310077518,1743545979264250970
capacity,0.1,gcc_fraction,300,0.11267441860465115,0.07976647286821704,0.14883720930232558,0.03453536821705427,3579435141937661844
capacity,0.125,failed_fraction,300,0.8873255813953487,0.8480203488372092,0.9203498062015504,0.03616472868217058,1913580635407440776
capacity,0.125,gcc_fraction,300,0.11267441860465115,0.07968895348837209,0.14883720930232558,0.03457412790697675,7415156150928284985
capacity,0.15,failed_fraction,300,0.8741472868217054,0.8349961240310078,0.9074718992248059,0.036237887596899054,17494646038289283034
capacity,0.15,gcc_fraction,300,0.1255426356589147,0.08929941860465117,0.1620581395348837,0.03637936046511627,10788109564353002300
capacity,0.175,failed_fraction,300,0.8741472868217054,0.8345717054263566,0.9100406976744185,0.03773449612403096,12349811356852956861
capacity,0.175,gcc_fraction,300,0.1255426356589147,0.08934108527131783,0.16469186046511625,0.03767538759689921,9178517483796970664
capacity,0.2,failed_fraction,300,0.8741472868217054,0.8348827519379844,0.9101182170542635,0.03761773255813955,12715169845018715509
capacity,0.2,gcc_fraction,300,0.1255426356589147,0.08934108527131783,0.1650397286821705,0.03784932170542634,11004724114793361440
capacity,0.225,failed_fraction,300,0.861279069767442,0.8217829457364341,0.9006201550387596,0.03941860465116276,16587671429424753090
capacity,0.225,gcc_fraction,300,0.13825581395348838,0.10197577519379844,0.17755910852713175,0.037791666666666654,10503690483765648828
capacity,0.25,failed_fraction,300,0.8283333333333334,0.7854631782945737,0.8679854651162792,0.04126114341085274,10023818838443121777
capacity,0.25,gcc_fraction,300,0.16864341085271317,0.1263527131782946,0.21228972868217055,0.04296850775193797,12405624557050424328
capacity,0.275,failed_fraction,300,0.8283333333333334,0.785735465116279,0.8709689922480621,0.04261676356589156,2260956842039296685
capacity,0.275,gcc_fraction,300,0.16864341085271317,0.1301143410852713,0.211281976744186,0.040583817829457344,2180058245096944737
capacity,0.3,failed_fraction,300,0.8283333333333334,0.7857742248062015,0.8679457364341087,0.04108575581395357,10610922837065509842
capacity,0.3,gcc_fraction,300,0.16864341085271317,0.12674418604651164,0.20954554263565886,0.04140067829457361,2548354454979190315
capacity,0.325,failed_fraction,300,0.81515503875969,0.7723246124031008,0.8577926356589146,0.04273401162790691,1512738345743431372
capacity,0.325,gcc_fraction,300,0.18089147286821705,0.13833042635658915,0.22605813953488366,0.04386385658914725,2624291733622173466
capacity,0.35,failed_fraction,300,0.81515503875969,0.7721686046511629,0.8577906976744185,0.042811046511627815,17949179283072236834
capacity,0.35,gcc_fraction,300,0.18089147286821705,0.13899031007751936,0.22306298449612402,0.04203633720930233,9260034642302263386
capacity,0.375,failed_fraction,300,0.8052713178294574,0.7592635658914728,0.8480232558139534,0.04437984496124031,10444532035383969267
capacity,0.375,gcc_fraction,300,0.1886434108527132,0.14484399224806202,0.23233236434108523,0.043744186046511604,10080394651108927860
capacity,0.4,failed_fraction,300,0.8052713178294574,0.7627897286821705,0.8511627906976743,0.044186531007751884,14247278732826908693
capacity,0.4,gcc_fraction,300,0.1886434108527132,0.14379651162790696,0.23418992248062015,0.04519670542635659,148145512295128223
capacity,0.425,failed_fraction,300,0.8052713178294574,0.7592228682170543,0.8481405038759691,0.044458817829457375,7756228686464156985
capacity,0.425,gcc_fraction,300,0.1886434108527132,0.14661724806201554,0.23182558139534878,0.042604166666666624,16148023785109753013
capacity,0.45,failed_fraction,300,0.7605426356589147,0.7106928294573643,0.8088042635658914,0.04905571705426354,3358885230432370559
capacity,0.45,gcc_fraction,300,0.22705426356589148,0.1815823643410853,0.2727567829457364,0.04558720930232556,15064360978504922463
capacity,0.475,failed_fraction,300,0.7243023255813953,0.6741831395348837,0.7709321705426354,0.04837451550387584,11303472596270281410
capacity,0.475,gcc_fraction,300,0.24639534883720926,0.20507558139534884,0.2922102713178294,0.043567344961240276,7105371993765676830
capacity,0.5,failed_fraction,300,0.7144186046511628,0.6622451550387596,0.7636056201550387,0.05068023255813958,14741702533030844432
capacity,0.5,gcc_fraction,300,0.25356589147286823,0.2079777131782946,0.30136143410852706,0.046691860465116225,13439865966849923588
capacity,0.525,failed_fraction,300,0.024806201550387517,0.01492248062015495,0.03798449612403094,0.011531007751937994,11558769198707660505
capacity,0.525,gcc_fraction,300,0.8458527131782946,0.8248052325581394,0.8651947674418604,0.020194767441860495,17055766614659700686
capacity,0.55,failed_fraction,300,0.011627906976744097,0.011627906976744097,0.011627906976744097,0.0,2294776204563147164
capacity,0.55,gcc_fraction,300,0.8567054263565891,0.8396501937984495,0.8729069767441859,0.01662839147286821,13656437490376201295
capacity,0.575,failed_fraction,300,0.011627906976744097,0.011627906976744097,0.011627906976744097,0.0,12521446733484027070
capacity,0.575,gcc_fraction,300,0.8567054263565891,0.8391472868217055,0.8732945736434109,0.017073643410852712,5203485356550797668
capacity,0.6,failed_fraction,300,0.011627906976744097,0.011627906976744097,0.011627906976744097,0.0,718325087447226245
capacity,0.6,gcc_fraction,300,0.8567054263565891,0.8399912790697674,0.8736831395348836,0.016845930232558093,15492673373204348841
capacity,0.625,failed_fraction,300,0.011627906976744097,0.011627906976744097,0.011627906976744097,0.0,13807903614107771530
capacity,0.625,gcc_fraction,300,0.8567054263565891,0.8399205426356589,0.8735658914728681,0.016822674418604633,3941024931555754721
capacity,0.65,failed_fraction,300,0.011627906976744097,0.011627906976744097,0.011627906976744097,0.0,6882462504749831894
capacity,0.65,gcc_fraction,300,0.8567054263565891,0.8394912790697674,0.8732558139534884,0.0168822674418605,2094630854431696712
capacity,0.675,failed_fraction,300,0.011627906976744097,0.011627906976744097,0.011627906976744097,0.0,5822897591974688703
capacity,0.675,gcc_fraction,300,0.8567054263565891,0.8403488372093023,0.8728294573643408,0.01624031007751925,8219413053623835919
capacity,0.7,failed_fraction,300,0.011627906976744097,0.011627906976744097,0.011627906976744097,0.0,8902598935204411457
capacity,0.7,gcc_fraction,300,0.8567054263565891,0.8402315891472867,0.8736046511627906,0.01668653100775197,5033687253688744442
capacity,0.725,failed_fraction,300,0.011627906976744097,0.011627906976744097,0.011627906976744097,0.0,9231589319389783374
capacity,0.725,gcc_fraction,300,0.8567054263565891,0.8405038759689922,0.8727916666666669,0.01614389534883731,6111827211445274857
capacity,0.75,failed_fraction,300,0.011627906976744097,0.011627906976744097,0.011627906976744097,0.0,17917224012890799213
capacity,0.75,gcc_fraction,300,0.8567054263565891,0.8395687984496124,0.8739563953488373,0.01719379844961244,15985418023674900876
capacity,0.775,failed_fraction,300,0.011627906976744097,0.011627906976744097,0.011627906976744097,0.0,453784607182495007
capacity,0.775,gcc_fraction,300,0.8567054263565891,0.8399573643410854,0.8721317829457363,0.01608720930232549,14950471673833183058
capacity,0.8,failed_fraction,300,0.011627906976744097,0.011627906976744097,0.011627906976744097,0.0,12599944328599128377
capacity,0.8,gcc_fraction,300,0.8567054263565891,0.8402315891472867,0.8735281007751938,0.016648255813953572,5847537926441621210
capacity,0.825,failed_fraction,300,0.011627906976744097,0.011627906976744097,0.011627906976744097,0.0,1243523725340359822
capacity,0.825,gcc_fraction,300,0.8567054263565891,0.83984496124031,0.8720939922480619,0.016124515503875947,17447710368456145215
capacity,0.85,failed_fraction,300,0.011627906976744097,0.011627906976744097,0.011627906976744097,0.0,2336219453712373904
capacity,0.85,gcc_fraction,300,0.8567054263565891,0.8398372093023254,0.8731017441860466,0.016632267441860582,595064755154421810
capacity,0.875,failed_fraction,300,0.011627906976744097,0.011627906976744097,0.011627906976744097,0.0,1481185038466926761
capacity,0.875,gcc_fraction,300,0.8567054263565891,0.8400736434108527,0.8728304263565893,0.016378391472868292,16221149762658531519
capacity,0.9,failed_fraction,300,0.011627906976744097,0.011627906976744097,0.011627906976744097,0.0,2354196950910703271
capacity,0.9,gcc_fraction,300,0.8567054263565891,0.8396492248062015,0.8729457364341087,0.016648255813953572,7748141827960586712
capacity,0.925,failed_fraction,300,0.011627906976744097,0.011627906976744097,0.011627906976744097,0.0,11997913988452492937
capacity,0.925,gcc_fraction,300,0.8567054263565891,0.8394573643410852,0.8735300387596899,0.017036337209302366,8547815242631524777
capacity,0.95,failed_fraction,300,0.011627906976744097,0.011627906976744097,0.011627906976744097,0.0,14189515405423785518
capacity,0.95,gcc_fraction,300,0.8567054263565891,0.8396124031007752,0.8727141472868217,0.01655087209302325,3917292508507395841
capacity,0.975,failed_fraction,300,0.011627906976744097,0.011627906976744097,0.011627906976744097,0.0,14591225814846565879
capacity,0.975,gcc_fraction,300,0.8567054263565891,0.8394573643410852,0.8731782945736435,0.016860465116279144,2279139899367865797
capacity,1.0,failed_fraction,300,0.011627906976744097,0.011627906976744097,0.011627906976744097,0.0,17081880651759015231
capacity,1.0,gcc_fraction,300,0.8567054263565891,0.839610465116279,0.8731007751937985,0.01674515503875973,17206186543827577138
capacity,1.025,failed_fraction,300,0.011627906976744097,0.011627906976744097,0.011627906976744097,0.0,3987987272047479960
capacity,1.025,gcc_fraction,300,0.8567054263565891,0.8399612403100776,0.8735678294573642,0.016803294573643324,16331723656691411801
capacity,1.05,failed_fraction,300,0.011627906976744097,0.011627906976744097,0.011627906976744097,0.0,18159499867143543654
capacity,1.05,gcc_fraction,300,0.8567054263565891,0.8400765503875968,0.8728304263565893,0.016376937984496243,7870650469371056274
capacity,1.075,failed_fraction,300,0.011627906976744097,0.011627906976744097,0.011627906976744097,0.0,14777341119517202502
capacity,1.075,gcc_fraction,300,0.8567054263565891,0.8396501937984496,0.8721346899224806,0.016242248062015463,4485468428011662001
capacity,1.1,failed_fraction,300,0.011627906976744097,0.011627906976744097,0.011627906976744097,0.0,13450539220218660230
capacity,1.1,gcc_fraction,300,0.8567054263565891,0.8393401162790698,0.8742248062015504,0.017442344961240308,825853056132370720
capacity,1.125,failed_fraction,300,0.011627906976744097,0.011627906976744097,0.011627906976744097,0.0,758780054950406691
capacity,1.125,gcc_fraction,300,0.8567054263565891,0.8387596899224805,0.8722490310077521,0.016744670542635787,13585932950992290842
capacity,1.15,failed_fraction,300,0.011627906976744097,0.011627906976744097,0.011627906976744097,0.0,6901241787047186343
capacity,1.15,gcc_fraction,300,0.8567054263565891,0.8394176356589146,0.873454457364341,0.017018410852713217,7966890262043184586
capacity,1.175,failed_fraction,300,0.011627906976744097,0.011627906976744097,0.011627906976744097,0.0,13826593637921101112
capacity,1.175,gcc_fraction,300,0.8567054263565891,0.8390300387596898,0.8723304263565892,0.016650193798449675,7659000039645750542
capacity,1.2,failed_fraction,300,0.011627906976744097,0.011627906976744097,0.011627906976744097,0.0,4230069582472921287
capacity,1.2,gcc_fraction,300,0.8567054263565891,0.8396899224806202,0.8720581395348835,0.016184108527131646,8868291965031642171
capacity,1.225,failed_fraction,300,0.011627906976744097,0.011627906976744097,0.011627906976744097,0.0,5870562921289271200
capacity,1.225,gcc_fraction,300,0.8567054263565891,0.8406182170542635,0.8738003875968992,0.016591085271317807,9500734732154284485
capacity,1.25,failed_fraction,300,0.011627906976744097,0.011627906976744097,0.011627906976744097,0.0,7650832778844829380
capacity,1.25,gcc_fraction,300,0.8567054263565891,0.8398062015503877,0.8739156976744186,0.017054748062015457,14516044727667397476
capacity,1.275,failed_fraction,300,0.011627906976744097,0.011627906976744097,0.011627906976744097,0.0,6750300108466519199
capacity,1.275,gcc_fraction,300,0.8567054263565891,0.8398052325581395,0.8732616279069767,0.016728197674418577,16055979622985685966
capacity,1.3,failed_fraction,300,0.011627906976744097,0.011627906976744097,0.011627906976744097,0.0,11598255407678058099
capacity,1.3,gcc_fraction,300,0.8567054263565891,0.840345930232558,0.8736841085271316,0.01666908914728682,2584369275644407054
capacity,1.325,failed_fraction,300,0.011627906976744097,0.011627906976744097,0.011627906976744097,0.0,13087983235681856668
capacity,1.325,gcc_fraction,300,0.8567054263565891,0.8408885658914729,0.873266472868217,0.01618895348837207,12644802079810176123
capacity,1.35,failed_fraction,300,0.011627906976744097,0.011627906976744097,0.011627906976744097,0.0,7300571706235288537
capacity,1.35,gcc_fraction,300,0.8567054263565891,0.8396482558139535,0.8734118217054264,0.016881782945736445,17864928352270533916
capacity,1.375,failed_fraction,300,0.011627906976744097,0.011627906976744097,0.011627906976744097,0.0,8891984506854262432
capacity,1.375,gcc_fraction,300,0.8567054263565891,0.8396492248062015,0.8729079457364338,0.01662936046511615,15062267644697655201
capacity,1.4,failed_fraction,300,0.011627906976744097,0.011627906976744097,0.011627906976744097,0.0,11435876016814745718
capacity,1.4,gcc_fraction,300,0.8567054263565891,0.839841085271318,0.8729874031007753,0.01657315891472866,12768748904764369157
capacity,1.425,failed_fraction,300,0.011627906976744097,0.011627906976744097,0.011627906976744097,0.0,15816693765805860997
capacity,1.425,gcc_fraction,300,0.8567054263565891,0.8396124031007752,0.8736046511627906,0.016996124031007698,531121933097898775
capacity,1.45,failed_fraction,300,0.011627906976744097,0.011627906976744097,0.011627906976744097,0.0,16321541166309372253
capacity,1.45,gcc_fraction,300,0.8567054263565891,0.8394951550387596,0.8718226744186046,0.016163759689922508,6060311236470603596
capacity,1.475,failed_fraction,300,0.011627906976744097,0.011627906976744097,0.011627906976744097,0.0,12831851173527490088
capacity,1.475,gcc_fraction,300,0.8567054263565891,0.8387209302325581,0.8730251937984497,0.01715213178294578,4197414160300290510
capacity,1.5,failed_fraction,300,0.011627906976744097,0.011627906976744097,0.011627906976744097,0.0,6059813587070976603
capacity,1.5,gcc_fraction,300,0.8567054263565891,0.8388343023255813,0.872907945736434,0.017036821705426364,7485472248405706569
capacity,1.525,failed_fraction,300,0.011627906976744097,0.011627906976744097,0.011627906976744097,0.0,14543224324796882953
capacity,1.525,gcc_fraction,300,0.8567054263565891,0.8402315891472867,0.8724428294573642,0.016105620155038747,3158949744412420704
capacity,1.55,failed_fraction,300,0.011627906976744097,0.011627906976744097,0.011627906976744097,0.0,2041243531181549768
capacity,1.55,gcc_fraction,300,0.8567054263565891,0.839611434108527,0.8731017441860466,0.016745155038759785,10685094987854474841
capacity,1.575,failed_fraction,300,0.011627906976744097,0.011627906976744097,0.011627906976744097,0.0,11032943012446016449
capacity,1.575,gcc_fraction,300,0.8567054263565891,0.8407325581395347,0.8725978682170543,0.01593265503875979,6252411615097973280
capacity,1.6,failed_fraction,300,0.011627906976744097,0.011627906976744097,0.011627906976744097,0.0,17775632205013008041
capacity,1.6,gcc_fraction,300,0.8567054263565891,0.8405038759689923,0.8734893410852713,0.01649273255813949,15349206504707594265
capacity,1.625,failed_fraction,300,0.011627906976744097,0.011627906976744097,0.011627906976744097,0.0,12693873203678306945
capacity,1.625,gcc_fraction,300,0.8567054263565891,0.8399602713178295,0.8730232558139533,0.01653149224806194,2768338703606085740
capacity,1.65,failed_fraction,300,0.011627906976744097,0.011627906976744097,0.011627906976744097,0.0,9141537383810681365
capacity,1.65,gcc_fraction,300,0.8567054263565891,0.8398837209302324,0.8725988372093023,0.016357558139534933,13487572814156596730
capacity,1.675,failed_fraction,300,0.011627906976744097,0.011627906976744097,0.011627906976744097,0.0,193692239921491542
capacity,1.675,gcc_fraction,300,0.8567054263565891,0.8396453488372093,0.8724089147286821,0.01638178294573639,11189063583515745958
capacity,1.7,failed_fraction,300,0.011627906976744097,0.011627906976744097,0.011627906976744097,0.0,11101305931421090117
capacity,1.7,gcc_fraction,300,0.8567054263565891,0.8391812015503876,0.8735281007751938,0.017173449612403136,8096938398174591244
capacity,1.725,failed_fraction,300,0.011627906976744097,0.011627906976744097,0.011627906976744097,0.0,8138530973908607226
capacity,1.725,gcc_fraction,300,0.8567054263565891,0.8402703488372092,0.8742267441860463,0.01697819767441855,4509851476748315978
capacity,1.75,failed_fraction,300,0.011627906976744097,0.011627906976744097,0.011627906976744097,0.0,6717610090414009152
capacity,1.75,gcc_fraction,300,0.8567054263565891,0.8395697674418604,0.873139534883721,0.016784883720930288,7750158339858096511
capacity,1.775,failed_fraction,300,0.011627906976744097,0.011627906976744097,0.011627906976744097,0.0,287283223517025407
capacity,1.775,gcc_fraction,300,0.8567054263565891,0.8403100775193799,0.8727916666666666,0.016240794573643358,17613301613100344913
capacity,1.8,failed_fraction,300,0.011627906976744097,0.011627906976744097,0.011627906976744097,0.0,14557184872114090665
capacity,1.8,gcc_fraction,300,0.8567054263565891,0.8403091085271317,0.8738391472868218,0.016765019379845036,6586686967714424840
capacity,1.825,failed_fraction,300,0.011627906976744097,0.011627906976744097,0.011627906976744097,0.0,5970514583542779571
capacity,1.825,gcc_fraction,300,0.8567054263565891,0.8393401162790697,0.8729457364341082,0.01680281007751927,17938820781664612827
capacity,1.85,failed_fraction,300,0.011627906976744097,0.011627906976744097,0.011627906976744097,0.0,4190402022843355472
capacity,1.85,gcc_fraction,300,0.8567054263565891,0.8397286821705426,0.8725610465116279,0.016416182170542637,7540646611587446563
capacity,1.875,failed_fraction,300,0.011627906976744097,0.011627906976744097,0.011627906976744097,0.0,7402535383510743759
capacity,1.875,gcc_fraction,300,0.8567054263565891,0.8394563953488371,0.8730620155038761,0.016802810077519492,269498591789103803
capacity,1.9,failed_fraction,300,0.011627906976744097,0.011627906976744097,0.011627906976744097,0.0,8414715170419902570
capacity,1.9,gcc_fraction,300,0.8567054263565891,0.840890503875969,0.8739573643410851,0.016533430232558044,4462821324243816597
capacity,1.925,failed_fraction,300,0.011627906976744097,0.011627906976744097,0.011627906976744097,0.0,11980073064242820407
capacity,1.925,gcc_fraction,300,0.8567054263565891,0.8402315891472867,0.8729079457364343,0.01633817829457379,13148089225575706385
capacity,1.95,failed_fraction,300,0.011627906976744097,0.011627906976744097,0.011627906976744097,0.0,11549209318111984376
capacity,1.95,gcc_fraction,300,0.8567054263565891,0.8396501937984495,0.8737228682170541,0.01703633720930231,5253572006651754504
capacity,1.975,failed_fraction,300,0.011627906976744097,0.011627906976744097,0.011627906976744097,0.0,11382983456138487383
capacity,1.975,gcc_fraction,300,0.8567054263565891,0.8380213178294573,0.8738013565891473,0.017890019379844968,14747062551325401764
capacity,2.0,failed_fraction,300,0.011627906976744097,0.011627906976744097,0.011627906976744097,0.0,792613804638250079
capacity,2.0,gcc_fraction,300,0.8567054263565891,0.8399563953488373,0.8732596899224806,0.01665164728682167,7506824543446251556
equal,0.0,failed_fraction,300,0.8879844961240311,0.8517441860465116,0.9210125968992244,0.034634205426356424,12210935765349180183
equal,0.0,gcc_fraction,300,0.11201550387596898,0.07898740310077534,0.14825581395348833,0.03463420542635649,16776037008296428567
equal,0.025,failed_fraction,300,0.8879844961240311,0.8517441860465116,0.9209302325581397,0.03459302325581404,3362386159954510519
equal,0.025,gcc_fraction,300,0.11201550387596898,0.07906976744186046,0.14825581395348839,0.03459302325581396,1691116191343624102
equal,0.05,failed_fraction,300,0.8879844961240311,0.8517441860465116,0.9209302325581397,0.03459302325581404,11836704728167867758
equal,0.05,gcc_fraction,300,0.11201550387596898,0.07577519379844962,0.14825581395348836,0.03624031007751937,12731572381978621769
equal,0.075,failed_fraction,300,0.8751162790697674,0.8387965116279069,0.911279069767442,0.03624127906976754,5585438517648094292
equal,0.075,gcc_fraction,300,0.12488372093023253,0.08871899224806201,0.164187984496124,0.037734496124031,17346209568632843656
equal,0.1,failed_fraction,300,0.8751162790697674,0.8356589147286823,0.911201550387597,0.03777131782945736,10810343573999388449
equal,0.1,gcc_fraction,300,0.12488372093023253,0.08864341085271318,0.16426356589147284,0.03781007751937983,9464719100026451466
equal,0.125,failed_fraction,300,0.8751162790697674,0.835967054263566,0.9112810077519381,0.037656976744186055,15030028176464393863
equal,0.125,gcc_fraction,300,0.12488372093023253,0.08879651162790697,0.16426356589147287,0.03773352713178295,7067073345241843697
equal,0.15,failed_fraction,300,0.8447286821705426,0.8018217054263566,0.8832558139534884,0.04071705426356592,1070038944540885110
equal,0.15,gcc_fraction,300,0.15527131782945736,0.1138313953488372,0.19764341085271314,0.04190600775193797,2888187030244314079
equal,0.175,failed_fraction,300,0.8447286821705426,0.8039011627906978,0.8835678294573642,0.03983333333333322,6989484532783629733
equal,0.175,gcc_fraction,300,0.15527131782945736,0.1167422480620155,0.19670930232558137,0.03998352713178294,3911805792026946113
equal,0.2,failed_fraction,300,0.831860465116279,0.7891841085271318,0.8706201550387598,0.04071802325581397,10391739642995198300
equal,0.2,gcc_fraction,300,0.16813953488372094,0.1289922480620155,0.21027519379844958,0.04064147286821704,14708493324931646171
equal,0.225,failed_fraction,300,0.8196124031007751,0.7771686046511628,0.8606647286821705,0.04174806201550385,315886590034214566
equal,0.225,gcc_fraction,300,0.18038759689922482,0.13503682170542633,0.22604844961240309,0.04550581395348838,1037337271291001972
equal,0.25,failed_fraction,300,0.8196124031007751,0.7758100775193799,0.8613662790697674,0.04277810077519373,7640589360302942785
equal,0.25,gcc_fraction,300,0.18038759689922482,0.1383313953488372,0.2228313953488372,0.042249999999999996,10602342386774987842
equal,0.275,failed_fraction,300,0.7636434108527133,0.7161182170542636,0.8086453488372093,0.046263565891472846,11218033126070458219
equal,0.275,gcc_fraction,300,0.2363565891472868,0.19362306201550392,0.28596996124031004,0.046173449612403064,3173867828681372124
equal,0.3,failed_fraction,300,0.7585271317829458,0.7068197674418605,0.805015503875969,0.04909786821705425,13737049596552553578
equal,0.3,gcc_fraction,300,0.24147286821705422,0.19712596899224805,0.28794864341085274,0.04541133720930235,5141865165751240613
equal,0.325,failed_fraction,300,0.7585271317829458,0.7083711240310077,0.8041618217054263,0.047895348837209306,2253631919683915458
equal,0.325,gcc_fraction,300,0.24147286821705422,0.19445348837209303,0.29055620155038747,0.04805135658914722,6834612621961412250
equal,0.35,failed_fraction,300,0.7070542635658915,0.6553817829457365,0.7560513565891472,0.05033478682170539,6057425427718142967
equal,0.35,gcc_fraction,300,0.29294573643410854,0.24054069767441863,0.344031976744186,0.05174563953488369,13137169625306024951
equal,0.375,failed_fraction,300,0.6975968992248062,0.6453459302325582,0.7503527131782946,0.0525033914728682,15118618007929044979
equal,0.375,gcc_fraction,300,0.30240310077519383,0.2565862403100776,0.3529467054263566,0.048180232558139496,13749866697005385111
equal,0.4,failed_fraction,300,0.5915116279069768,0.541892441860465,0.6434660852713177,0.05078682170542631,7914942553705900340
equal,0.4,gcc_fraction,300,0.40848837209302324,0.3554951550387597,0.45826065891472867,0.05138275193798447,2042076263860326592
equal,0.425,failed_fraction,300,0.45585271317829457,0.4051027131782946,0.506671511627907,0.05078439922480621,6424607435949022966
equal,0.425,gcc_fraction,300,0.5394961240310078,0.4870707364341085,0.591328488372093,0.05212887596899224,1708502139646782489
equal,0.45,failed_fraction,300,0.3781007751937984,0.3291375968992248,0.425360465116279,0.04811143410852711,9632704840128001264
equal,0.45,gcc_fraction,300,0.617248062015504,0.5694728682170542,0.6635377906976743,0.04703246124031002,17342427950498081405
equal,0.475,failed_fraction,300,0.22984496124031,0.19189631782945735,0.2689215116279069,0.038512596899224774,18034852386193189000
equal,0.475,gcc_fraction,300,0.7632945736434109,0.7266249999999999,0.7998478682170543,0.03661143410852724,3972207692631145783
equal,0.5,failed_fraction,300,0.11682170542635656,0.10255813953488369,0.13151453488372086,0.014478197674418589,9717290790303910492
equal,0.5,gcc_fraction,300,0.8567054263565891,0.8386046511627907,0.873063953488372,0.017229651162790627,6720739602725957708
equal,0.525,failed_fraction,300,0.06662790697674413,0.05972868217054258,0.0739932170542635,0.007132267441860459,1958757903010225686
equal,0.525,gcc_fraction,300,0.8567054263565891,0.8399602713178295,0.8724031007751938,0.01622141472868216,2338671810647481188
equal,0.55,failed_fraction,300,0.04655038759689916,0.041046511627906915,0.053295542635658846,0.006124515503875966,13435451884577868880
equal,0.55,gcc_fraction,300,0.8567054263565891,0.839299418604651,0.8730232558139533,0.016861918604651194,2290036761130451619
equal,0.575,failed_fraction,300,0.03813953488372087,0.034146317829457304,0.0424806201550387,0.0041671511627906985,8272762438883659149
equal,0.575,gcc_fraction,300,0.8567054263565891,0.8399563953488371,0.8729476744186048,0.01649563953488381,10908462750406344993
equal,0.6,failed_fraction,300,0.02937984496124024,0.02593023255813946,0.033294573643410784,0.0036821705426356623,10431521059768808383
equal,0.6,gcc_fraction,300,0.8567054263565891,0.8394573643410853,0.8731782945736435,0.01686046511627909,13445181168552695868
equal,0.625,failed_fraction,300,0.024186046511627833,0.021743217054263488,0.026745155038759613,0.0025009689922480625,862224867972614086
equal,0.625,gcc_fraction,300,0.8567054263565891,0.8391860465116279,0.8726744186046511,0.016744186046511622,1374036312960007990
equal,0.65,failed_fraction,300,0.024186046511627833,0.02166569767441853,0.026938953488372015,0.0026366279069767427,16551897793227660425
equal,0.65,gcc_fraction,300,0.8567054263565891,0.839533914728682,0.8730658914728683,0.016765988372093144,9726026125651702785
equal,0.675,failed_fraction,300,0.020310077519379764,0.01825484496124023,0.02267441860465108,0.002209786821705426,4952785111412186322
equal,0.675,gcc_fraction,300,0.8567054263565891,0.8402248062015504,0.8731792635658916,0.016477228682170608,9243242246327369939
equal,0.7,failed_fraction,300,0.020310077519379764,0.01821705426356581,0.022596899224806122,0.002189922480620155,14617757889868173161
equal,0.7,gcc_fraction,300,0.8567054263565891,0.8402713178294573,0.8729893410852713,0.016359011627906983,2016630967198976407
equal,0.725,failed_fraction,300,0.020310077519379764,0.01817829457364333,0.022635658914728605,0.0022286821705426382,9290947916976583979
equal,0.725,gcc_fraction,300,0.8567054263565891,0.8393788759689922,0.8739147286821705,0.017267926356589136,10244194171450776749
equal,0.75,failed_fraction,300,0.01728682170542627,0.015271317829457282,0.01941860465116271,0.002073643410852714,4228833638084067629
equal,0.75,gcc_fraction,300,0.8567054263565891,0.8401162790697674,0.8726753875968992,0.01627955426356592,17459556207353629542
equal,0.775,failed_fraction,300,0.01728682170542627,0.015425387596899142,0.01953488372093015,0.0020547480620155033,17982411717569733037
equal,0.775,gcc_fraction,300,0.8567054263565891,0.8387538759689923,0.8730620155038759,0.01715406976744177,2089211964690603701
equal,0.8,failed_fraction,300,0.01728682170542627,0.015348837209302241,0.019496124031007672,0.0020736434108527156,16028868037716523214
equal,0.8,gcc_fraction,300,0.8567054263565891,0.8394156976744185,0.8730620155038761,0.016823158914728797,14109038218413982575
equal,0.825,failed_fraction,300,0.01728682170542627,0.015310077519379763,0.01957364341085263,0.002131782945736434,6435000417712498584
equal,0.825,gcc_fraction,300,0.8567054263565891,0.8403866279069767,0.8724050387596899,0.016009205426356587,9036118667719204479
equal,0.85,failed_fraction,300,0.01728682170542627,0.015309108527131696,0.019573643410852628,0.002132267441860466,9195892509287458412
equal,0.85,gcc_fraction,300,0.8567054263565891,0.8384098837209302,0.8728304263565891,0.017210271317829484,230424123478944151
equal,0.875,failed_fraction,300,0.01651162790697666,0.014767441860465034,0.018411821705426268,0.0018221899224806172,17631308534265281387
equal,0.875,gcc_fraction,300,0.8567054263565891,0.8403081395348837,0.8734515503875968,0.016571705426356553,15185469762866051834
equal,0.9,failed_fraction,300,0.01651162790697666,0.014806201550387513,0.01833333333333325,0.0017635658914728685,11535463672342331549
equal,0.9,gcc_fraction,300,0.8567054263565891,0.8394186046511627,0.8729883720930233,0.016784883720930288,14842679374356612987
equal,0.925,failed_fraction,300,0.01651162790697666,0.014844961240309994,0.018410852713178213,0.0017829457364341092,12114997641679845529
equal,0.925,gcc_fraction,300,0.8567054263565891,0.83984496124031,0.8728682170542634,0.01651162790697669,14388916836198631398
equal,0.95,failed_fraction,300,0.01651162790697666,0.014728682170542552,0.01837209302325573,0.0018217054263565888,1277015017352297313
equal,0.95,gcc_fraction,300,0.8567054263565891,0.8397257751937983,0.8729089147286823,0.01659156976744197,3346167524322545735
equal,0.975,failed_fraction,300,0.01651162790697666,0.014882751937984412,0.01852713178294566,0.0018221899224806232,13977259767116521369
equal,0.975,gcc_fraction,300,0.8567054263565891,0.8392606589147286,0.8726356589147286,0.016687500000000022,1680522529232807558
equal,1.0,failed_fraction,300,0.014961240310077433,0.013372093023255729,0.016782945736434022,0.0017054263565891466,13705782546420229427
equal,1.0,gcc_fraction,300,0.8567054263565891,0.8395717054263565,0.8739534883720929,0.017190891472868175,3310734449727520935
equal,1.025,failed_fraction,300,0.014961240310077433,0.01344961240310069,0.016782945736434022,0.0016666666666666661,4337728548358119588
equal,1.025,gcc_fraction,300,0.8567054263565891,0.8402693798449612,0.8739156976744186,0.016823158914728686,11771280909414845815
equal,1.05,failed_fraction,300,0.014961240310077433,0.013372093023255729,0.0167451550387596,0.001686531007751936,13060951634021889599
equal,1.05,gcc_fraction,300,0.8567054263565891,0.8400387596899225,0.873608527131783,0.016784883720930288,6751774521564496365
equal,1.075,failed_fraction,300,0.014961240310077433,0.013488372093023171,0.01682267441860456,0.0016671511627906945,16806380378557726410
equal,1.075,gcc_fraction,300,0.8567054263565891,0.8402713178294573,0.8736821705426355,0.016705426356589115,5335788358976448728
equal,1.1,failed_fraction,300,0.014961240310077433,0.013410852713178208,0.016705426356589063,0.0016472868217054272,15683967875413374976
equal,1.1,gcc_fraction,300,0.8567054263565891,0.8388720930232558,0.8729098837209304,0.01701889534883727,374241865619342343
equal,1.125,failed_fraction,300,0.013565891472868132,0.012596899224806115,0.014651162790697588,0.0010271317829457366,13742716506112539843
equal,1.125,gcc_fraction,300,0.8567054263565891,0.8401162790697674,0.873139534883721,0.0165116279069768,12834892660645621781
equal,1.15,failed_fraction,300,0.013565891472868132,0.012635658914728594,0.014689922480620071,0.0010271317829457383,12846608761131974928
equal,1.15,gcc_fraction,300,0.8567054263565891,0.8396094961240309,0.8728701550387595,0.016630329457364312,5661037752196280570
equal,1.175,failed_fraction,300,0.012751937984496036,0.012248062015503788,0.013333333333333247,0.0005426356589147297,4620446620932411519
equal,1.175,gcc_fraction,300,0.8567054263565891,0.8393381782945736,0.8732577519379845,0.016959786821705458,14390252100419303378
equal,1.2,failed_fraction,300,0.012751937984496036,0.012286821705426268,0.013333333333333246,0.0005232558139534891,159873981333563210
equal,1.2,gcc_fraction,300,0.8567054263565891,0.838796511627907,0.8733333333333333,0.017268410852713134,10071175035087958294
equal,1.225,failed_fraction,300,0.012751937984496036,0.012248062015503788,0.013294573643410766,0.0005232558139534891,42437266392032622
equal,1.225,gcc_fraction,300,0.8567054263565891,0.8398837209302326,0.8732558139534884,0.016686046511627917,10660089674536023779
equal,1.25,failed_fraction,300,0.012751937984496036,0.012248062015503788,0.013333333333333247,0.0005426356589147297,5081731173017372550
equal,1.25,gcc_fraction,300,0.8567054263565891,0.8392945736434108,0.8732558139534884,0.016980620155038817,3629033261471036304
equal,1.275,failed_fraction,300,0.012751937984496036,0.012286821705426268,0.013295542635658823,0.0005043604651162777,4059711457628542415
equal,1.275,gcc_fraction,300,0.8567054263565891,0.8395687984496123,0.8737218992248061,0.017076550387596923,10571740956912297896
equal,1.3,failed_fraction,300,0.012751937984496036,0.012248062015503788,0.013295542635658823,0.0005237403100775175,1712858109361320299
equal,1.3,gcc_fraction,300,0.8567054263565891,0.8402693798449612,0.8723662790697673,0.016048449612403037,14019387331221062520
equal,1.325,failed_fraction,300,0.012751937984496036,0.012248062015503788,0.013372093023255729,0.0005620155038759704,11142523222325610915
equal,1.325,gcc_fraction,300,0.8567054263565891,0.8411220930232558,0.8735658914728681,0.016221899224806158,5466010319561990419
equal,1.35,failed_fraction,300,0.012751937984496036,0.012248062015503788,0.013295542635658823,0.0005237403100775175,14755913667172903206
equal,1.35,gcc_fraction,300,0.8567054263565891,0.8390687984496122,0.8728323643410855,0.016881782945736612,13356761974825506180
equal,1.375,failed_fraction,300,0.012751937984496036,0.012248062015503788,0.013333333333333247,0.0005426356589147297,3085873583042951207
equal,1.375,gcc_fraction,300,0.8567054263565891,0.8402703488372092,0.873063953488372,0.016396802325581383,11883772726069370378
equal,1.4,failed_fraction,300,0.012751937984496036,0.012248062015503788,0.013294573643410766,0.0005232558139534891,9794825748252233266
equal,1.4,gcc_fraction,300,0.8567054263565891,0.8396511627906977,0.8732577519379845,0.01680329457364338,12503923270909753051
equal,1.425,failed_fraction,300,0.012751937984496036,0.012248062015503786,0.013294573643410766,0.0005232558139534899,1624877265165142110
equal,1.425,gcc_fraction,300,0.8567054263565891,0.8398052325581393,0.8735678294573642,0.016881298449612447,16608444582687959979
equal,1.45,failed_fraction,300,0.012751937984496036,0.012248062015503788,0.013372093023255729,0.0005620155038759704,14874858702948917867
equal,1.45,gcc_fraction,300,0.8567054263565891,0.8398798449612402,0.8730629844961242,0.01659156976744197,5692234445080017376
equal,1.475,failed_fraction,300,0.012751937984496036,0.012248062015503788,0.013333333333333247,0.0005426356589147297,14397400812817882826
equal,1.475,gcc_fraction,300,0.8567054263565891,0.8402267441860465,0.8728691860465115,0.016321220930232527,4087430593224569131
equal,1.5,failed_fraction,300,0.012751937984496036,0.012248062015503788,0.013333333333333247,0.0005426356589147297,12157833891644203311
equal,1.5,gcc_fraction,300,0.8567054263565891,0.8396899224806202,0.8724835271317828,0.016396802325581272,12938495919605160210
equal,1.525,failed_fraction,300,0.012751937984496036,0.012248062015503786,0.013294573643410766,0.0005232558139534899,3829518457691870849
equal,1.525,gcc_fraction,300,0.8567054263565891,0.8393381782945736,0.8736472868217053,0.01715455426356588,5903317620671629337
equal,1.55,failed_fraction,300,0.012751937984496036,0.012248062015503788,0.013333333333333247,0.0005426356589147297,7547436693987672050
equal,1.55,gcc_fraction,300,0.8567054263565891,0.8388362403100774,0.8733730620155037,0.017268410852713134,17827377364112172446
equal,1.575,failed_fraction,300,0.012751937984496036,0.012248062015503788,0.013294573643410766,0.0005232558139534891,11014969359588695216
equal,1.575,gcc_fraction,300,0.8567054263565891,0.8396482558139535,0.872406007751938,0.016378875968992235,11149535639546857333
equal,1.6,failed_fraction,300,0.012751937984496036,0.012248062015503788,0.013333333333333247,0.0005426356589147297,3626587499393249460
equal,1.6,gcc_fraction,300,0.8567054263565891,0.8397257751937984,0.8732606589147285,0.016767441860465027,14840248846712072126
equal,1.625,failed_fraction,300,0.012751937984496036,0.01228682170542627,0.013333333333333247,0.0005232558139534891,18427236014823453016
equal,1.625,gcc_fraction,300,0.8567054263565891,0.8398410852713178,0.8724428294573642,0.016300872093023167,15722439722710915916
equal,1.65,failed_fraction,300,0.012751937984496036,0.012286821705426268,0.013333333333333247,0.0005232558139534899,2016826694625417117
equal,1.65,gcc_fraction,300,0.8567054263565891,0.8387567829457363,0.8733381782945735,0.017290697674418598,14469214497318379069
equal,1.675,failed_fraction,300,0.012751937984496036,0.012248062015503788,0.013333333333333247,0.0005426356589147297,6234158862199350431
equal,1.675,gcc_fraction,300,0.8567054263565891,0.8404641472868216,0.8741085271317828,0.01682218992248058,14422796642392846901
equal,1.7,failed_fraction,300,0.01228682170542627,0.012015503875968902,0.012596899224806115,0.0002906976744186064,8500100326207183277
equal,1.7,gcc_fraction,300,0.8567054263565891,0.838986434108527,0.8728313953488371,0.016922480620155056,5708508029749978198
equal,1.725,failed_fraction,300,0.01228682170542627,0.011976744186046424,0.012596899224806115,0.0003100775193798453,892134481807463121
equal,1.725,gcc_fraction,300,0.8567054263565891,0.8396065891472867,0.8732558139534882,0.016824612403100736,4773608356114954733
equal,1.75,failed_fraction,300,0.01228682170542627,0.012015503875968902,0.012596899224806115,0.0002906976744186064,9834340228236054099
equal,1.75,gcc_fraction,300,0.8567054263565891,0.8390300387596897,0.873062984496124,0.017016472868217114,2162723732630698503
equal,1.775,failed_fraction,300,0.01228682170542627,0.012015503875968902,0.012596899224806115,0.0002906976744186064,10444699180985784796
equal,1.775,gcc_fraction,300,0.8567054263565891,0.8396501937984495,0.8734903100775193,0.0169200581395349,8951236813027115457
equal,1.8,failed_fraction,300,0.01228682170542627,0.012015503875968902,0.012596899224806115,0.0002906976744186064,2277248958665331864
equal,1.8,gcc_fraction,300,0.8567054263565891,0.8398062015503877,0.8731036821705427,0.016648740310077514,15293491185316835547
equal,1.825,failed_fraction,300,0.01228682170542627,0.012015503875968902,0.012596899224806115,0.0002906976744186064,4974752513782402542
equal,1.825,gcc_fraction,300,0.8567054263565891,0.838562984496124,0.8727131782945734,0.017075096899224707,7263414722248688504
equal,1.85,failed_fraction,300,0.01228682170542627,0.012014534883720842,0.012635658914728594,0.0003105620155038763,1029489807281566604
equal,1.85,gcc_fraction,300,0.8567054263565891,0.8401531007751938,0.8734893410852713,0.016668120155038768,11462041517093206773
equal,1.875,failed_fraction,300,0.01228682170542627,0.012014534883720842,0.012596899224806115,0.0002911821705426365,3453918677376923221
equal,1.875,gcc_fraction,300,0.8567054263565891,0.8398837209302326,0.873218992248062,0.016667635658914715,16641665741270849454
equal,1.9,failed_fraction,300,0.01228682170542627,0.011976744186046424,0.012596899224806115,0.0003100775193798453,9291087335483969155
equal,1.9,gcc_fraction,300,0.8567054263565891,0.8396879844961239,0.8739941860465115,0.017153100775193775,7701825948671105797
equal,1.925,failed_fraction,300,0.01228682170542627,0.011976744186046424,0.012596899224806115,0.0003100775193798453,4113968524418762332
equal,1.925,gcc_fraction,300,0.8567054263565891,0.8401501937984496,0.8737606589147286,0.016805232558139538,15211600662803007959
equal,1.95,failed_fraction,300,0.01228682170542627,0.012015503875968904,0.012596899224806115,0.0002906976744186055,874357217265218912
equal,1.95,gcc_fraction,300,0.8567054263565891,0.8394941860465116,0.8735668604651162,0.01703633720930231,3030999431646355361
equal,1.975,failed_fraction,300,0.01228682170542627,0.011976744186046424,0.012596899224806115,0.0003100775193798453,2666239814416222665
equal,1.975,gcc_fraction,300,0.8567054263565891,0.8395348837209302,0.873111434108527,0.016788275193798385,4396214401899783567
equal,2.0,failed_fraction,300,0.01228682170542627,0.011976744186046424,0.012596899224806115,0.0003100775193798453,4963646794412209550
equal,2.0,gcc_fraction,300,0.8567054263565891,0.8397645348837207,0.8721337209302324,0.016184593023255867,18003899960683943497
