comparison,dynamic,alpha,load_mode,n,mean,low,high,half_width,bootstrap_seed
capacity_minus_equal,False,0.0,betweenness,300,-0.0006589147286821717,-0.0009689922480620172,-0.0003875968992248069,0.0002906976744186052,16363712187084821697
capacity_minus_equal,False,0.0,betweenness_freq,300,-0.0006589147286821717,-0.0009689922480620172,-0.0003875968992248069,0.0002906976744186052,7001527192274380292
capacity_minus_equal,False,0.0,betweenness_plus_trips,300,0.0,0.0,0.0,0.0,2449981086757468327
capacity_minus_equal,False,0.0,demand,300,-0.02790697674418605,-0.046395348837209305,-0.012093023255813955,0.017151162790697675,10268939971369464516
load_minus_betweenness,False,0.0,betweenness_freq,300,0.0,0.0,0.0,0.0,8162468406118082403
load_minus_betweenness,False,0.0,betweenness_plus_trips,300,0.11267441860465117,0.07976744186046512,0.14891666666666667,0.03457461240310077,144394196990741512
load_minus_betweenness,False,0.0,demand,300,0.0715891472868217,0.027519379844961247,0.11387596899224808,0.043178294573643416,9454134039567562005
capacity_minus_equal,False,0.1,betweenness,300,0.012209302325581395,0.0023643410852713163,0.025310077519379845,0.011472868217054264,11055536464234493584
capacity_minus_equal,False,0.1,betweenness_freq,300,0.012209302325581395,0.0023643410852713163,0.025116279069767444,0.011375968992248063,11794307719402226130
capacity_minus_equal,False,0.1,betweenness_plus_trips,300,0.012868217054263567,0.0032170542635658918,0.025736434108527138,0.011259689922480623,4942368673187842572
capacity_minus_equal,False,0.1,demand,300,-0.008217054263565896,-0.032985465116279075,0.016554263565891448,0.02476986434108526,1027776502893274399
load_minus_betweenness,False,0.1,betweenness_freq,300,0.0,0.0,0.0,0.0,15475218621814497742
load_minus_betweenness,False,0.1,betweenness_plus_trips,300,0.0006589147286821717,0.0003875968992248069,0.0010077519379844979,0.0003100775193798455,2199070287900364430
load_minus_betweenness,False,0.1,demand,300,0.06298449612403102,0.019598837209302354,0.10608624031007752,0.04324370155038758,850764007087653535
capacity_minus_equal,False,0.15,betweenness,300,0.02941860465116279,0.01135562015503876,0.05019670542635657,0.019420542635658906,3325611909712366792
capacity_minus_equal,False,0.15,betweenness_freq,300,0.02941860465116279,0.013836240310077519,0.05058139534883721,0.018372577519379846,6632362193103274709
capacity_minus_equal,False,0.15,betweenness_plus_trips,300,0.03007751937984496,0.01186046511627907,0.04852713178294574,0.018333333333333333,7882530271509925117
capacity_minus_equal,False,0.15,demand,300,0.052170542635658915,0.01766957364341086,0.08597480620155035,0.03415261627906974,5233345428409421625
load_minus_betweenness,False,0.15,betweenness_freq,300,0.0,0.0,0.0,0.0,15417444955846342118
load_minus_betweenness,False,0.15,betweenness_plus_trips,300,0.0006589147286821717,0.0003875968992248069,0.0009689922480620172,0.0002906976744186052,2669397893707646255
load_minus_betweenness,False,0.15,demand,300,0.038100775193798446,-0.010621124031007748,0.09020251937984491,0.05041182170542633,3380140280566926861
capacity_minus_equal,False,0.2,betweenness,300,0.04228682170542636,0.02081298449612403,0.06666666666666667,0.022926841085271318,12092060145928859818
capacity_minus_equal,False,0.2,betweenness_freq,300,0.04228682170542636,0.021045542635658915,0.06426453488372093,0.021609496124031007,10322597716241169583
capacity_minus_equal,False,0.2,betweenness_plus_trips,300,0.042945736434108525,0.0212015503875969,0.06713178294573643,0.022965116279069768,6487283119607009222
capacity_minus_equal,False,0.2,demand,300,0.0325968992248062,-0.004613372093023259,0.0710523255813953,0.03783284883720928,9275474734442989642
load_minus_betweenness,False,0.2,betweenness_freq,300,0.0,0.0,0.0,0.0,2592366006185846454
load_minus_betweenness,False,0.2,betweenness_plus_trips,300,0.0006589147286821717,0.0003875968992248069,0.0010077519379844979,0.0003100775193798455,10667935129105855806
load_minus_betweenness,False,0.2,demand,300,-0.07779069767441861,-0.14109108527131783,-0.017322674418604887,0.061884205426356476,16963022285203499274
capacity_minus_equal,False,0.3,betweenness,300,0.0698062015503876,0.04371996124031008,0.09802519379844961,0.027152616279069765,13720773280362556891
capacity_minus_equal,False,0.3,betweenness_freq,300,0.0698062015503876,0.04150968992248062,0.09825581395348838,0.02837306201550388,3686548291897846231
capacity_minus_equal,False,0.3,betweenness_plus_trips,300,0.07046511627906976,0.0439108527131783,0.09880717054263559,0.027448158914728644,17375919061399512097
capacity_minus_equal,False,0.3,demand,300,-0.029147286821705438,-0.05508817829457363,-0.004263565891472873,0.02541230620155038,14042112812544777552
load_minus_betweenness,False,0.3,betweenness_freq,300,0.0,0.0,0.0,0.0,9720494287042924304
load_minus_betweenness,False,0.3,betweenness_plus_trips,300,0.0006589147286821717,0.0003866279069767465,0.0009689922480620172,0.00029118217054263537,9343869949549905463
load_minus_betweenness,False,0.3,demand,300,-0.1316279069767442,-0.20186918604651166,-0.06704651162790702,0.06741133720930231,9176734697299584299
capacity_minus_equal,False,0.4,betweenness,300,0.21375968992248062,0.1716666666666667,0.259266472868217,0.04379990310077517,14237819859131992166
capacity_minus_equal,False,0.4,betweenness_freq,300,0.21375968992248062,0.16903003875968994,0.2611637596899225,0.04606686046511628,11178613410967518400
capacity_minus_equal,False,0.4,betweenness_plus_trips,300,0.21441860465116278,0.16992248062015505,0.2630843023255813,0.04658091085271311,9276532751099660248
capacity_minus_equal,False,0.4,demand,300,0.0034496124031007697,-0.026438953488372094,0.03229069767441858,0.029364825581395335,4353732206014405183
load_minus_betweenness,False,0.4,betweenness_freq,300,0.0,0.0,0.0,0.0,8445657752005719159
load_minus_betweenness,False,0.4,betweenness_plus_trips,300,0.0006589147286821717,0.0003875968992248069,0.0009689922480620172,0.0002906976744186052,11037452552601962251
load_minus_betweenness,False,0.4,demand,300,-0.4104651162790698,-0.4858653100775194,-0.3322451550387598,0.0768100775193798,18178298692120668094
capacity_minus_equal,False,0.6,betweenness,300,-0.01775193798449614,-0.021201550387596923,-0.014379844961240326,0.0034108527131782983,13872915117961519650
capacity_minus_equal,False,0.6,betweenness_freq,300,-0.01775193798449614,-0.021280038759689944,-0.014418604651162804,0.00343071705426357,14302206331494426590
capacity_minus_equal,False,0.6,betweenness_plus_trips,300,-0.01775193798449614,-0.021318798449612424,-0.014147286821705442,0.003585755813953491,12391136283858914237
capacity_minus_equal,False,0.6,demand,300,-0.010891472868217057,-0.027055232558139537,0.006825581395348817,0.016940406976744177,6537885528690962405
load_minus_betweenness,False,0.6,betweenness_freq,300,0.0,0.0,0.0,0.0,15397248592581077686
load_minus_betweenness,False,0.6,betweenness_plus_trips,300,0.0,0.0,0.0,0.0,18160084444524850191
load_minus_betweenness,False,0.6,demand,300,0.09069767441860466,0.060541666666666674,0.12286918604651163,0.03116375968992248,11785796656867789671
capacity_minus_equal,False,1.0,betweenness,300,-0.003333333333333335,-0.005155038759689925,-0.0017829457364341098,0.0016860465116279076,9415802487264422633
capacity_minus_equal,False,1.0,betweenness_freq,300,-0.003333333333333335,-0.005155038759689925,-0.001821705426356591,0.0016666666666666672,8395293881609217175
capacity_minus_equal,False,1.0,betweenness_plus_trips,300,-0.003333333333333335,-0.005232558139534887,-0.0018217054263565914,0.0017054263565891479,2156780482243112984
capacity_minus_equal,False,1.0,demand,300,0.0007751937984496116,-0.0013963178294573635,0.0027906976744186043,0.0020935077519379838,408913698541448784
load_minus_betweenness,False,1.0,betweenness_freq,300,0.0,0.0,0.0,0.0,12705197416058964645
load_minus_betweenness,False,1.0,betweenness_plus_trips,300,0.0,0.0,0.0,0.0,3667462278651393817
load_minus_betweenness,False,1.0,demand,300,0.002441860465116279,0.0010852713178294575,0.004069767441860466,0.0014922480620155041,363895897285564506
capacity_minus_equal,False,1.5,betweenness,300,-0.0011240310077519397,-0.0017054263565891496,-0.0006589147286821714,0.0005232558139534891,16589398464177432439
capacity_minus_equal,False,1.5,betweenness_freq,300,-0.0011240310077519397,-0.0017054263565891496,-0.0006201550387596906,0.0005426356589147295,15268468284358058170
capacity_minus_equal,False,1.5,betweenness_plus_trips,300,-0.0011240310077519397,-0.0017054263565891496,-0.0006201550387596906,0.0005426356589147295,17672966297166818497
capacity_minus_equal,False,1.5,demand,300,0.0020155038759689914,0.0006976744186046511,0.0034496124031007745,0.0013759689922480617,3988420047060612321
load_minus_betweenness,False,1.5,betweenness_freq,300,0.0,0.0,0.0,0.0,13860138710318812397
load_minus_betweenness,False,1.5,betweenness_plus_trips,300,0.0,0.0,0.0,0.0,10947961896396350280
load_minus_betweenness,False,1.5,demand,300,0.002441860465116279,0.0010852713178294575,0.00434108527131783,0.0016279069767441861,10745753020498849553
capacity_minus_equal,False,2.0,betweenness,300,-0.0006589147286821713,-0.0009689922480620167,-0.00038759689922480663,0.000290697674418605,8526241986253440506
capacity_minus_equal,False,2.0,betweenness_freq,300,-0.0006589147286821713,-0.0009689922480620167,-0.0003875968992248067,0.00029069767441860497,9797045931672555572
capacity_minus_equal,False,2.0,betweenness_plus_trips,300,-0.0006589147286821713,-0.0009689922480620167,-0.0003866279069767499,0.00029118217054263337,2858858135430602281
capacity_minus_equal,False,2.0,demand,300,-0.0004263565891472874,-0.000697674418604652,-0.00019379844961240334,0.00025193798449612436,14594388946173526924
load_minus_betweenness,False,2.0,betweenness_freq,300,0.0,0.0,0.0,0.0,13461157408460413614
load_minus_betweenness,False,2.0,betweenness_plus_trips,300,0.0,0.0,0.0,0.0,10798666219429252408
load_minus_betweenness,False,2.0,demand,300,0.0,0.0,0.0,0.0,8119752985346022671
capacity_minus_equal,True,0.0,betweenness,300,0.0,0.0,0.0,0.0,9918986421930097403
capacity_minus_equal,True,0.0,betweenness_freq,300,0.0,0.0,0.0,0.0,12681289529714786497
capacity_minus_equal,True,0.0,betweenness_plus_trips,300,0.0,0.0,0.0,0.0,5288859713442065635
capacity_minus_equal,True,0.0,demand,300,0.0,0.0,0.0,0.0,1534139965151570146
load_minus_betweenness,True,0.0,betweenness_freq,300,0.0,0.0,0.0,0.0,8651081158335380347
load_minus_betweenness,True,0.0,betweenness_plus_trips,300,0.0,0.0,0.0,0.0,1552213033744499573
load_minus_betweenness,True,0.0,demand,300,0.0,0.0,0.0,0.0,4201984853707588867
capacity_minus_equal,True,0.1,betweenness,300,0.0,0.0,0.0,0.0,16065225963719705794
capacity_minus_equal,True,0.1,betweenness_freq,300,0.0,0.0,0.0,0.0,1685120245929358690
capacity_minus_equal,True,0.1,betweenness_plus_trips,300,0.0,0.0,0.0,0.0,1913021650716358683
capacity_minus_equal,True,0.1,demand,300,0.0,0.0,0.0,0.0,1619945044496990138
load_minus_betweenness,True,0.1,betweenness_freq,300,0.0,0.0,0.0,0.0,10471569040440840585
load_minus_betweenness,True,0.1,betweenness_plus_trips,300,0.0,0.0,0.0,0.0,12430065997453336416
load_minus_betweenness,True,0.1,demand,300,0.0,0.0,0.0,0.0,6054120617764000896
capacity_minus_equal,True,0.15,betweenness,300,0.0,0.0,0.0,0.0,366838239613702151
capacity_minus_equal,True,0.15,betweenness_freq,300,0.0,0.0,0.0,0.0,412908948426229468
capacity_minus_equal,True,0.15,betweenness_plus_trips,300,0.0,0.0,0.0,0.0,5091033812370287878
capacity_minus_equal,True,0.15,demand,300,0.0,0.0,0.0,0.0,13369274049224149363
load_minus_betweenness,True,0.15,betweenness_freq,300,0.0,0.0,0.0,0.0,6046768379759473084
load_minus_betweenness,True,0.15,betweenness_plus_trips,300,0.0,0.0,0.0,0.0,14748869627354773156
load_minus_betweenness,True,0.15,demand,300,0.0,0.0,0.0,0.0,9446292291373032696
capacity_minus_equal,True,0.2,betweenness,300,0.0,0.0,0.0,0.0,685333891671042980
capacity_minus_equal,True,0.2,betweenness_freq,300,0.0,0.0,0.0,0.0,7073222964976706589
capacity_minus_equal,True,0.2,betweenness_plus_trips,300,0.0,0.0,0.0,0.0,14610258503446825271
capacity_minus_equal,True,0.2,demand,300,0.0,0.0,0.0,0.0,5828966523090057808
load_minus_betweenness,True,0.2,betweenness_freq,300,0.0,0.0,0.0,0.0,7252776134600649631
load_minus_betweenness,True,0.2,betweenness_plus_trips,300,0.0,0.0,0.0,0.0,16582425926207061251
load_minus_betweenness,True,0.2,demand,300,0.0,0.0,0.0,0.0,15424686064577549201
capacity_minus_equal,True,0.3,betweenness,300,0.0,0.0,0.0,0.0,14287854147437214106
capacity_minus_equal,True,0.3,betweenness_freq,300,0.0,0.0,0.0,0.0,15862249303069366310
capacity_minus_equal,True,0.3,betweenness_plus_trips,300,0.0,0.0,0.0,0.0,674492915051391003
capacity_minus_equal,True,0.3,demand,300,0.0,0.0,0.0,0.0,7959834201359988742
load_minus_betweenness,True,0.3,betweenness_freq,300,0.0,0.0,0.0,0.0,13209788034652373484
load_minus_betweenness,True,0.3,betweenness_plus_trips,300,0.0,0.0,0.0,0.0,4478456992192890288
load_minus_betweenness,True,0.3,demand,300,0.0,0.0,0.0,0.0,11988858633761989011
capacity_minus_equal,True,0.4,betweenness,300,0.0,0.0,0.0,0.0,3072475698882910241
capacity_minus_equal,True,0.4,betweenness_freq,300,0.0,0.0,0.0,0.0,3598241605341418670
capacity_minus_equal,True,0.4,betweenness_plus_trips,300,0.0,0.0,0.0,0.0,5914197240769598502
capacity_minus_equal,True,0.4,demand,300,0.0,0.0,0.0,0.0,8567664296953988306
load_minus_betweenness,True,0.4,betweenness_freq,300,0.0,0.0,0.0,0.0,10859626137216106236
load_minus_betweenness,True,0.4,betweenness_plus_trips,300,0.0,0.0,0.0,0.0,11664265787807630004
load_minus_betweenness,True,0.4,demand,300,0.0,0.0,0.0,0.0,746983246834005626
capacity_minus_equal,True,0.6,betweenness,300,0.0,0.0,0.0,0.0,16249019068439649891
capacity_minus_equal,True,0.6,betweenness_freq,300,0.0,0.0,0.0,0.0,10282405633428193223
capacity_minus_equal,True,0.6,betweenness_plus_trips,300,0.0,0.0,0.0,0.0,4028394187590370732
capacity_minus_equal,True,0.6,demand,300,0.0,0.0,0.0,0.0,5642277241109663982
load_minus_betweenness,True,0.6,betweenness_freq,300,0.0,0.0,0.0,0.0,11913906360655345400
load_minus_betweenness,True,0.6,betweenness_plus_trips,300,0.0,0.0,0.0,0.0,508695245677082889
load_minus_betweenness,True,0.6,demand,300,0.0,0.0,0.0,0.0,1240689568246159052
capacity_minus_equal,True,1.0,betweenness,300,0.0,0.0,0.0,0.0,13028954537192061142
capacity_minus_equal,True,1.0,betweenness_freq,300,0.0,0.0,0.0,0.0,2722717546916953936
capacity_minus_equal,True,1.0,betweenness_plus_trips,300,0.0,0.0,0.0,0.0,6834691197049658844
capacity_minus_equal,True,1.0,demand,300,0.0,0.0,0.0,0.0,1694276080709779285
load_minus_betweenness,True,1.0,betweenness_freq,300,0.0,0.0,0.0,0.0,329251756466365029
load_minus_betweenness,True,1.0,betweenness_plus_trips,300,0.0,0.0,0.0,0.0,8382518666753581353
load_minus_betweenness,True,1.0,demand,300,0.0,0.0,0.0,0.0,153990478460916469
capacity_minus_equal,True,1.5,betweenness,300,0.0,0.0,0.0,0.0,1443440829279124567
capacity_minus_equal,True,1.5,betweenness_freq,300,0.0,0.0,0.0,0.0,12129757197447065244
capacity_minus_equal,True,1.5,betweenness_plus_trips,300,0.0,0.0,0.0,0.0,4413808335082343530
capacity_minus_equal,True,1.5,demand,300,0.0,0.0,0.0,0.0,778856367158274461
load_minus_betweenness,True,1.5,betweenness_freq,300,0.0,0.0,0.0,0.0,16060147564546610932
load_minus_betweenness,True,1.5,betweenness_plus_trips,300,0.0,0.0,0.0,0.0,14548006558980067987
load_minus_betweenness,True,1.5,demand,300,0.0,0.0,0.0,0.0,16918872805993814858
capacity_minus_equal,True,2.0,betweenness,300,0.0,0.0,0.0,0.0,11022371070870348044
capacity_minus_equal,True,2.0,betweenness_freq,300,0.0,0.0,0.0,0.0,3308789810784950184
capacity_minus_equal,True,2.0,betweenness_plus_trips,300,0.0,0.0,0.0,0.0,16008090047742290903
capacity_minus_equal,True,2.0,demand,300,0.0,0.0,0.0,0.0,11997504601641017335
load_minus_betweenness,True,2.0,betweenness_freq,300,0.0,0.0,0.0,0.0,7420521241314002687
load_minus_betweenness,True,2.0,betweenness_plus_trips,300,0.0,0.0,0.0,0.0,7440735860046378380
load_minus_betweenness,True,2.0,demand,300,0.0,0.0,0.0,0.0,12768469054944731251
