fraction,metric,n,mean,low,high,half_width,bootstrap_seed
0.0,gcc_fraction,1000,1.0,1.0,1.0,0.0,8668861027912758289
0.05,gcc_fraction,1000,0.5831046511627906,0.5735787790697675,0.5928031976744186,0.009612209302325536,4881901421217228719
0.1,gcc_fraction,1000,0.3550581395348837,0.348,0.3625357558139535,0.00726787790697675,16452687389592421897
0.15,gcc_fraction,1000,0.2594418604651163,0.25400988372093025,0.26483808139534887,0.005414098837209308,13238389300853459902
0.2,gcc_fraction,1000,0.206453488372093,0.20248808139534882,0.2107328488372093,0.004122383720930239,16732062099500631801
0.25,gcc_fraction,1000,0.15917441860465115,0.15581366279069767,0.1624537790697674,0.0033200581395348705,14153166575370824094
0.3,gcc_fraction,1000,0.1332093023255814,0.1305110465116279,0.13580261627906975,0.002645784883720928,675977917276771736
0.35,gcc_fraction,1000,0.11222093023255814,0.11004622093023254,0.11433720930232556,0.0021454941860465093,16247558764769518856
0.4,gcc_fraction,1000,0.09617441860465115,0.09438372093023256,0.09796511627906976,0.0017906976744185982,10050352908806042439
0.45,gcc_fraction,1000,0.08287209302325581,0.08113953488372093,0.08452354651162791,0.0016920058139534913,17081680595297516073
0.5,gcc_fraction,1000,0.07037209302325581,0.06912790697674419,0.07161627906976745,0.0012441860465116292,1050069824542033033
0.55,gcc_fraction,1000,0.062034883720930224,0.060872093023255816,0.06322093023255813,0.001174418604651159,15955056042715220471
0.6,gcc_fraction,1000,0.053348837209302315,0.052302325581395345,0.05440755813953488,0.0010526162790697666,9247094174113649103
0.65,gcc_fraction,1000,0.04581395348837208,0.04495348837209302,0.046639825581395344,0.0008431686046511608,14763866368594594468
0.7,gcc_fraction,1000,0.04008139534883721,0.039383720930232555,0.040907267441860455,0.0007617732558139502,1584558304403632180
0.75,gcc_fraction,1000,0.035627906976744186,0.0349531976744186,0.036337499999999995,0.0006921511627906961,14694885414863646442
0.8,gcc_fraction,1000,0.029104651162790696,0.028569767441860464,0.029627906976744185,0.0005290697674418601,17784984319747513585
0.85,gcc_fraction,1000,0.0242906976744186,0.023825581395348835,0.024767441860465114,0.000470930232558139,1969187194193194677
0.9,gcc_fraction,1000,0.019406976744186046,0.018988372093023256,0.01981395348837209,0.0004127906976744179,11347744117169042350
0.95,gcc_fraction,1000,0.01297674418604651,0.012744186046511626,0.013220930232558135,0.00023837209302325461,5330914780600135045
1.0,gcc_fraction,1000,0.0,0.0,0.0,0.0,15031760629461669044
