fraction,metric,reference_n,reference_mean,absolute_change,n,mean,low,high,half_width,bootstrap_seed,family,dynamic,alpha
0.0,gcc_fraction,1000,1.0,0.0,25,1.0,1.0,1.0,0.0,14449357594836781232,random_failure,,
0.0,gcc_fraction,1000,1.0,0.0,50,1.0,1.0,1.0,0.0,18443715169928553612,random_failure,,
0.0,gcc_fraction,1000,1.0,0.0,100,1.0,1.0,1.0,0.0,1216009372136524026,random_failure,,
0.0,gcc_fraction,1000,1.0,0.0,200,1.0,1.0,1.0,0.0,17058895752279943796,random_failure,,
0.0,gcc_fraction,1000,1.0,0.0,300,1.0,1.0,1.0,0.0,1058462416362651303,random_failure,,
0.0,gcc_fraction,1000,1.0,0.0,500,1.0,1.0,1.0,0.0,17544705512194414841,random_failure,,
0.0,gcc_fraction,1000,1.0,0.0,1000,1.0,1.0,1.0,0.0,9798196421929647412,random_failure,,
0.05,gcc_fraction,1000,0.5831046511627906,0.056430232558139504,25,0.6395348837209301,0.5744186046511629,0.706046511627907,0.06581395348837205,6629721135495181608,random_failure,,
0.05,gcc_fraction,1000,0.5831046511627906,0.028755813953488474,50,0.6118604651162791,0.566046511627907,0.6572151162790696,0.045584302325581305,16054130093230420381,random_failure,,
0.05,gcc_fraction,1000,0.5831046511627906,0.0048488372093024035,100,0.5782558139534882,0.545578488372093,0.6120959302325581,0.03325872093023258,3186710028936027826,random_failure,,
0.05,gcc_fraction,1000,0.5831046511627906,0.0042674418604651265,200,0.5788372093023255,0.5573822674418605,0.6006395348837209,0.021628633720930213,15821970838165533412,random_failure,,
0.05,gcc_fraction,1000,0.5831046511627906,0.007360465116278969,300,0.5904651162790696,0.5724767441860465,0.608218023255814,0.017870639534883714,4300361653909824179,random_failure,,
0.05,gcc_fraction,1000,0.5831046511627906,0.0031744186046512857,500,0.5862790697674419,0.5732773255813953,0.599210465116279,0.012966569767441816,13635960438865474516,random_failure,,
0.05,gcc_fraction,1000,0.5831046511627906,0.0,1000,0.5831046511627906,0.5739529069767442,0.5924889534883722,0.009268023255813995,15495607740106710035,random_failure,,
0.1,gcc_fraction,1000,0.3550581395348837,0.050058139534883805,25,0.4051162790697675,0.3627906976744186,0.45443023255813947,0.04581976744186042,1807031423849937992,random_failure,,
0.1,gcc_fraction,1000,0.3550581395348837,0.025872093023255827,50,0.3809302325581395,0.3502325581395349,0.4141918604651164,0.03197965116279075,2524873645219858301,random_failure,,
0.1,gcc_fraction,1000,0.3550581395348837,0.007034883720930307,100,0.362093023255814,0.33906686046511625,0.38686046511627914,0.023896802325581445,2137308722274036516,random_failure,,
0.1,gcc_fraction,1000,0.3550581395348837,0.010000000000000009,200,0.3650581395348837,0.3501148255813953,0.37942441860465115,0.014654796511627932,18253574081081911412,random_failure,,
0.1,gcc_fraction,1000,0.3550581395348837,0.007538759689922514,300,0.3625968992248062,0.3502325581395349,0.37465310077519376,0.012210271317829424,12371525282854925920,random_failure,,
0.1,gcc_fraction,1000,0.3550581395348837,0.0045465116279069795,500,0.35960465116279067,0.34972034883720926,0.36962848837209294,0.009954069767441842,12859214802120603254,random_failure,,
0.1,gcc_fraction,1000,0.3550581395348837,0.0,1000,0.3550581395348837,0.34777877906976734,0.3622691860465116,0.007245203488372126,14187096789057657533,random_failure,,
0.15,gcc_fraction,1000,0.2594418604651163,0.009209302325581425,25,0.2502325581395349,0.220453488372093,0.28325581395348837,0.031401162790697684,7453659212500117217,random_failure,,
0.15,gcc_fraction,1000,0.2594418604651163,0.008279069767441916,50,0.2511627906976744,0.23115116279069767,0.2725639534883721,0.02070639534883721,14471042111997833181,random_failure,,
0.15,gcc_fraction,1000,0.2594418604651163,0.007465116279069872,100,0.25197674418604643,0.23720930232558135,0.2672093023255814,0.015000000000000013,6462307866714235437,random_failure,,
0.15,gcc_fraction,1000,0.2594418604651163,0.0032209302325582057,200,0.2562209302325581,0.24488372093023256,0.26878343023255813,0.011949854651162786,5922864788370234202,random_failure,,
0.15,gcc_fraction,1000,0.2594418604651163,0.0012945736434108457,300,0.26073643410852715,0.25081298449612405,0.27034980620155036,0.009768410852713155,9019777002517855226,random_failure,,
0.15,gcc_fraction,1000,0.2594418604651163,0.0014418604651162958,500,0.258,0.2502779069767442,0.2658156976744186,0.007768895348837207,13957228649060927924,random_failure,,
0.15,gcc_fraction,1000,0.2594418604651163,0.0,1000,0.2594418604651163,0.25422093023255815,0.26464098837209304,0.005210029069767447,8078904378167744556,random_failure,,
0.2,gcc_fraction,1000,0.206453488372093,0.001453488372092998,25,0.207906976744186,0.18232558139534885,0.23767441860465116,0.027674418604651155,4816645699272776701,random_failure,,
0.2,gcc_fraction,1000,0.206453488372093,0.00552325581395352,50,0.2009302325581395,0.18208720930232553,0.22093604651162788,0.019424418604651175,1489928505323544991,random_failure,,
0.2,gcc_fraction,1000,0.206453488372093,0.004709302325581394,100,0.20174418604651162,0.18825581395348837,0.21581395348837212,0.013779069767441879,1305130284674451008,random_failure,,
0.2,gcc_fraction,1000,0.206453488372093,0.004534883720930222,200,0.2019186046511628,0.19238226744186046,0.21156976744186046,0.009593749999999998,16132854802967779585,random_failure,,
0.2,gcc_fraction,1000,0.206453488372093,0.0014922480620155054,300,0.2049612403100775,0.19751841085271318,0.21275193798449613,0.007616763565891471,6669900036029576385,random_failure,,
0.2,gcc_fraction,1000,0.206453488372093,0.0005465116279069759,500,0.20590697674418604,0.20025523255813954,0.21151162790697675,0.005628197674418606,2280732946738773324,random_failure,,
0.2,gcc_fraction,1000,0.206453488372093,0.0,1000,0.206453488372093,0.20259302325581394,0.21031540697674417,0.0038611918604651158,6100048680873975396,random_failure,,
0.25,gcc_fraction,1000,0.15917441860465115,0.0064069767441860825,25,0.16558139534883723,0.14790697674418607,0.18325581395348842,0.017674418604651174,1733227201805781678,random_failure,,
0.25,gcc_fraction,1000,0.15917441860465115,0.0035930232558139263,50,0.15558139534883722,0.14325000000000002,0.16883720930232557,0.012793604651162777,6271122696779747747,random_failure,,
0.25,gcc_fraction,1000,0.15917441860465115,0.0021976744186046338,100,0.1569767441860465,0.1477906976744186,0.16732558139534884,0.009767441860465118,17534315947788751795,random_failure,,
0.25,gcc_fraction,1000,0.15917441860465115,0.0003953488372092917,200,0.15877906976744185,0.15174418604651163,0.16610610465116277,0.007180959302325568,97106134986606447,random_failure,,
0.25,gcc_fraction,1000,0.15917441860465115,0.0012906976744186116,300,0.16046511627906976,0.15406879844961238,0.16705523255813953,0.006493217054263575,2304434089764164286,random_failure,,
0.25,gcc_fraction,1000,0.15917441860465115,0.002779069767441883,500,0.16195348837209303,0.157,0.16704651162790696,0.005023255813953478,1670982958220432218,random_failure,,
0.25,gcc_fraction,1000,0.15917441860465115,0.0,1000,0.15917441860465115,0.15589476744186043,0.16243052325581392,0.003267877906976746,18041356117318486232,random_failure,,
0.3,gcc_fraction,1000,0.1332093023255814,0.004465116279069786,25,0.13767441860465118,0.1227906976744186,0.1544186046511628,0.015813953488372105,16147669392652412229,random_failure,,
0.3,gcc_fraction,1000,0.1332093023255814,0.0007441860465116357,50,0.13395348837209303,0.12325581395348839,0.14534883720930233,0.011046511627906971,2966390071802505200,random_failure,,
0.3,gcc_fraction,1000,0.1332093023255814,0.003186046511627877,100,0.13639534883720927,0.12930232558139534,0.14348837209302326,0.007093023255813957,13146744213033704474,random_failure,,
0.3,gcc_fraction,1000,0.1332093023255814,0.00012790697674422424,200,0.13308139534883717,0.1275581395348837,0.13912790697674418,0.005784883720930237,8413249527584570973,random_failure,,
0.3,gcc_fraction,1000,0.1332093023255814,0.0015193798449612272,300,0.13472868217054262,0.13,0.13953488372093023,0.004767441860465113,10113245752782505452,random_failure,,
0.3,gcc_fraction,1000,0.1332093023255814,0.002232558139534907,500,0.1354418604651163,0.13188313953488373,0.1391627906976744,0.003639825581395334,3321695088146854271,random_failure,,
0.3,gcc_fraction,1000,0.1332093023255814,0.0,1000,0.1332093023255814,0.13046482558139536,0.13593023255813955,0.0027327034883720958,8332406810145000458,random_failure,,
0.35,gcc_fraction,1000,0.11222093023255814,0.005709302325581381,25,0.10651162790697676,0.09767441860465116,0.11767441860465118,0.010000000000000009,4148755461815960390,random_failure,,
0.35,gcc_fraction,1000,0.11222093023255814,0.007569767441860456,50,0.10465116279069768,0.09767441860465118,0.11186046511627909,0.007093023255813957,4522566153492081178,random_failure,,
0.35,gcc_fraction,1000,0.11222093023255814,0.006872093023255824,100,0.10534883720930231,0.10034593023255811,0.11070058139534882,0.005177325581395352,2942849605580250930,random_failure,,
0.35,gcc_fraction,1000,0.11222093023255814,0.004779069767441857,200,0.10744186046511628,0.10284883720930232,0.11209302325581394,0.004622093023255808,7835207224625015124,random_failure,,
0.35,gcc_fraction,1000,0.11222093023255814,0.004391472868217061,300,0.10782945736434107,0.10410658914728682,0.11174418604651164,0.003818798449612408,11366541751414970890,random_failure,,
0.35,gcc_fraction,1000,0.11222093023255814,0.002779069767441855,500,0.10944186046511628,0.10639476744186047,0.11260465116279068,0.003104941860465109,14742348993557974547,random_failure,,
0.35,gcc_fraction,1000,0.11222093023255814,0.0,1000,0.11222093023255814,0.11005784883720929,0.11440697674418604,0.002174563953488376,7767535025541109506,random_failure,,
0.4,gcc_fraction,1000,0.09617441860465115,0.008732558139534857,25,0.08744186046511629,0.07674418604651163,0.10186046511627905,0.01255813953488371,1066488768123319843,random_failure,,
0.4,gcc_fraction,1000,0.09617441860465115,0.006872093023255782,50,0.08930232558139536,0.08208720930232559,0.09744186046511627,0.00767732558139534,3102591292880633759,random_failure,,
0.4,gcc_fraction,1000,0.09617441860465115,0.0012906976744185977,100,0.09488372093023255,0.08906686046511626,0.10104651162790695,0.005989825581395346,10509785160817324661,random_failure,,
0.4,gcc_fraction,1000,0.09617441860465115,0.00027906976744186685,200,0.09645348837209301,0.0925,0.10093023255813954,0.004215116279069772,10149098825943347365,random_failure,,
0.4,gcc_fraction,1000,0.09617441860465115,0.0012674418604651377,300,0.09744186046511628,0.09379748062015504,0.10104748062015503,0.0036249999999999963,17061308127507956660,random_failure,,
0.4,gcc_fraction,1000,0.09617441860465115,0.0008255813953488567,500,0.097,0.09434883720930232,0.09967499999999999,0.0026630813953488347,4414872897503357467,random_failure,,
0.4,gcc_fraction,1000,0.09617441860465115,0.0,1000,0.09617441860465115,0.09437151162790698,0.0979767441860465,0.0018026162790697603,17148988810017395952,random_failure,,
0.45,gcc_fraction,1000,0.08287209302325581,0.006127906976744188,25,0.07674418604651162,0.06883720930232558,0.08558139534883721,0.008372093023255818,10192514026620801116,random_failure,,
0.45,gcc_fraction,1000,0.08287209302325581,0.0007790697674418534,50,0.08209302325581395,0.07558139534883722,0.08977325581395347,0.007095930232558126,16312524171769193210,random_failure,,
0.45,gcc_fraction,1000,0.08287209302325581,0.0009651162790697693,100,0.08383720930232558,0.07895348837209303,0.08965406976744185,0.005350290697674412,3366511615588626557,random_failure,,
0.45,gcc_fraction,1000,0.08287209302325581,0.0003255813953488562,200,0.08319767441860466,0.0797093023255814,0.08674563953488372,0.0035181686046511576,8480794799444287887,random_failure,,
0.45,gcc_fraction,1000,0.08287209302325581,0.0014689922480620315,300,0.08434108527131784,0.08151065891472868,0.08736434108527132,0.0029268410852713173,18405604991265918390,random_failure,,
0.45,gcc_fraction,1000,0.08287209302325581,0.0012441860465116361,500,0.08411627906976744,0.0819063953488372,0.08644244186046511,0.0022680232558139543,2566424972943366425,random_failure,,
0.45,gcc_fraction,1000,0.08287209302325581,0.0,1000,0.08287209302325581,0.08125552325581396,0.08440697674418604,0.0015757267441860387,12367675646760348049,random_failure,,
0.5,gcc_fraction,1000,0.07037209302325581,0.001534883720930233,25,0.06883720930232558,0.061860465116279066,0.07674418604651163,0.007441860465116284,3923152298418149396,random_failure,,
0.5,gcc_fraction,1000,0.07037209302325581,0.0022325581395348792,50,0.06813953488372093,0.06325581395348838,0.07325581395348837,0.0049999999999999975,7365925133533258444,random_failure,,
0.5,gcc_fraction,1000,0.07037209302325581,0.0011860465116279029,100,0.06918604651162791,0.06557848837209303,0.07325581395348837,0.0038386627906976736,13165981765372314117,random_failure,,
0.5,gcc_fraction,1000,0.07037209302325581,9.302325581395099e-05,200,0.07046511627906976,0.06779069767441862,0.07337209302325581,0.002790697674418599,5849506903963007559,random_failure,,
0.5,gcc_fraction,1000,0.07037209302325581,0.0008682170542635703,300,0.07124031007751938,0.06895348837209303,0.07352713178294575,0.0022868217054263576,17970475643932409265,random_failure,,
0.5,gcc_fraction,1000,0.07037209302325581,0.0009302325581395238,500,0.07130232558139533,0.06948837209302326,0.07309302325581396,0.001802325581395349,8868685429534341705,random_failure,,
0.5,gcc_fraction,1000,0.07037209302325581,0.0,1000,0.07037209302325581,0.0691046511627907,0.07159331395348838,0.0012443313953488383,10502432761530846500,random_failure,,
0.55,gcc_fraction,1000,0.062034883720930224,0.0016860465116279102,25,0.06372093023255813,0.05534883720930234,0.07255813953488373,0.008604651162790695,16779602785675241151,random_failure,,
0.55,gcc_fraction,1000,0.062034883720930224,0.0004069767441860356,50,0.06162790697674419,0.05627906976744186,0.06767441860465116,0.005697674418604651,17900281591714137250,random_failure,,
0.55,gcc_fraction,1000,0.062034883720930224,0.0018023255813953629,100,0.06383720930232559,0.06,0.06790697674418604,0.003953488372093021,6115455120479200997,random_failure,,
0.55,gcc_fraction,1000,0.062034883720930224,0.0013953488372093134,200,0.06343023255813954,0.0605813953488372,0.06639534883720931,0.002906976744186055,3380516788508922197,random_failure,,
0.55,gcc_fraction,1000,0.062034883720930224,0.00021317829457365156,300,0.062248062015503876,0.05996124031007752,0.06453488372093023,0.0022868217054263576,14874903304919589104,random_failure,,
0.55,gcc_fraction,1000,0.062034883720930224,0.0008720930232558044,500,0.06116279069767442,0.05965058139534883,0.06274418604651164,0.001546802325581402,8000856460041163655,random_failure,,
0.55,gcc_fraction,1000,0.062034883720930224,0.0,1000,0.062034883720930224,0.060930232558139535,0.06316279069767441,0.0011162790697674396,5650657490964030862,random_failure,,
0.6,gcc_fraction,1000,0.053348837209302315,0.0029302325581395464,25,0.05627906976744186,0.04790697674418605,0.06511627906976745,0.008604651162790702,10735446603816058983,random_failure,,
0.6,gcc_fraction,1000,0.053348837209302315,0.0010232558139534748,50,0.05232558139534884,0.04790116279069768,0.05767441860465117,0.004886627906976745,12397142972334766567,random_failure,,
0.6,gcc_fraction,1000,0.053348837209302315,0.0007209302325581549,100,0.05406976744186047,0.05069767441860465,0.05767441860465116,0.0034883720930232558,6018209220842148208,random_failure,,
0.6,gcc_fraction,1000,0.053348837209302315,0.00038372093023254783,200,0.05296511627906977,0.05081395348837209,0.055348837209302316,0.0022674418604651143,1379624883993772901,random_failure,,
0.6,gcc_fraction,1000,0.053348837209302315,5.426356589146447e-05,300,0.05329457364341085,0.05151065891472868,0.055155038759689926,0.0018221899224806215,6118587882980461770,random_failure,,
0.6,gcc_fraction,1000,0.053348837209302315,0.0,500,0.053348837209302315,0.05183662790697674,0.05486046511627907,0.0015119186046511635,9386509869559163849,random_failure,,
0.6,gcc_fraction,1000,0.053348837209302315,0.0,1000,0.053348837209302315,0.052290697674418594,0.05448866279069766,0.001098982558139533,5246052285114924781,random_failure,,
0.65,gcc_fraction,1000,0.04581395348837208,0.003953488372093007,25,0.041860465116279076,0.0386046511627907,0.045116279069767444,0.0032558139534883714,13326508532420835786,random_failure,,
0.65,gcc_fraction,1000,0.04581395348837208,0.0023255813953488233,50,0.04348837209302326,0.040924418604651173,0.046279069767441866,0.0026773255813953463,12301887479776271927,random_failure,,
0.65,gcc_fraction,1000,0.04581395348837208,0.002441860465116262,100,0.04337209302325582,0.04127616279069768,0.04546511627906977,0.002094476744186044,17572570527460493668,random_failure,,
0.65,gcc_fraction,1000,0.04581395348837208,0.0009302325581395238,200,0.04488372093023256,0.04325581395348837,0.04662790697674419,0.0016860465116279102,171696489696393838,random_failure,,
0.65,gcc_fraction,1000,0.04581395348837208,0.0006201550387596802,300,0.0451937984496124,0.04387596899224806,0.04659011627906977,0.0013570736434108527,7913804877868258400,random_failure,,
0.65,gcc_fraction,1000,0.04581395348837208,0.00032558139534884234,500,0.04548837209302324,0.044395348837209296,0.04658197674418604,0.0010933139534883736,15482149862480977594,random_failure,,
0.65,gcc_fraction,1000,0.04581395348837208,0.0,1000,0.04581395348837208,0.04499999999999999,0.04661627906976744,0.0008081395348837235,15151254108399481654,random_failure,,
0.7,gcc_fraction,1000,0.04008139534883721,0.008290697674418604,25,0.04837209302325581,0.04418604651162791,0.052558139534883724,0.0041860465116279055,699269072483487276,random_failure,,
0.7,gcc_fraction,1000,0.04008139534883721,0.0029418604651162833,50,0.04302325581395349,0.039767441860465116,0.04651162790697676,0.0033720930232558205,10086219572642699145,random_failure,,
0.7,gcc_fraction,1000,0.04008139534883721,0.0023604651162790757,100,0.042441860465116284,0.04011627906976744,0.044767441860465114,0.002325581395348837,16952916504212940381,random_failure,,
0.7,gcc_fraction,1000,0.04008139534883721,0.0019534883720930263,200,0.042034883720930234,0.04011627906976744,0.04395494186046511,0.0019193313953488368,13109062160303301848,random_failure,,
0.7,gcc_fraction,1000,0.04008139534883721,0.00046124031007752087,300,0.04054263565891473,0.03910852713178295,0.042093023255813954,0.001492248062015502,9002101837482991698,random_failure,,
0.7,gcc_fraction,1000,0.04008139534883721,0.00017441860465116504,500,0.04025581395348837,0.03916220930232558,0.0413953488372093,0.0011165697674418613,11972307719820961318,random_failure,,
0.7,gcc_fraction,1000,0.04008139534883721,0.0,1000,0.04008139534883721,0.039325581395348835,0.04084883720930232,0.0007616279069767411,8446039801592504667,random_failure,,
0.75,gcc_fraction,1000,0.035627906976744186,0.0015813953488372084,25,0.037209302325581395,0.03395348837209302,0.04093023255813954,0.0034883720930232592,3386022865355325144,random_failure,,
0.75,gcc_fraction,1000,0.035627906976744186,0.00018604651162790198,50,0.03581395348837209,0.03279069767441861,0.03906976744186047,0.003139534883720929,990798573076723982,random_failure,,
0.75,gcc_fraction,1000,0.035627906976744186,6.976744186046324e-05,100,0.03569767441860465,0.03372093023255814,0.03779069767441861,0.0020348837209302334,13287886312204435263,random_failure,,
0.75,gcc_fraction,1000,0.035627906976744186,0.0001279069767441826,200,0.03575581395348837,0.03430232558139535,0.037325581395348834,0.0015116279069767417,5883108460553820645,random_failure,,
0.75,gcc_fraction,1000,0.035627906976744186,0.0005736434108527116,300,0.0362015503875969,0.034999031007751945,0.03755813953488372,0.0012795542635658866,6181220036160644550,random_failure,,
0.75,gcc_fraction,1000,0.035627906976744186,0.0004883720930232496,500,0.036116279069767436,0.03516279069767442,0.03714011627906976,0.0009886627906976718,3479895462425835041,random_failure,,
0.75,gcc_fraction,1000,0.035627906976744186,0.0,1000,0.035627906976744186,0.03495348837209302,0.036314244186046514,0.0006803779069767465,2072386540267074497,random_failure,,
0.8,gcc_fraction,1000,0.029104651162790696,0.0011976744186046502,25,0.027906976744186046,0.025116279069767444,0.03069767441860465,0.0027906976744186025,10255122738744149164,random_failure,,
0.8,gcc_fraction,1000,0.029104651162790696,0.0014302325581395277,50,0.02767441860465117,0.025813953488372093,0.029534883720930237,0.0018604651162790718,10027719223922173034,random_failure,,
0.8,gcc_fraction,1000,0.029104651162790696,0.0014302325581395346,100,0.02767441860465116,0.026046511627906978,0.029305232558139518,0.00162936046511627,16347756616341967784,random_failure,,
0.8,gcc_fraction,1000,0.029104651162790696,0.00038372093023255824,200,0.028720930232558138,0.02761627906976744,0.02994186046511628,0.0011627906976744203,15126826433114972849,random_failure,,
0.8,gcc_fraction,1000,0.029104651162790696,0.0003837209302325617,300,0.028720930232558135,0.027751937984496124,0.029689922480620155,0.0009689922480620155,16969875806557317073,random_failure,,
0.8,gcc_fraction,1000,0.029104651162790696,0.00015116279069767383,500,0.02925581395348837,0.028534883720930233,0.030069767441860462,0.0007674418604651147,275667598834456762,random_failure,,
0.8,gcc_fraction,1000,0.029104651162790696,0.0,1000,0.029104651162790696,0.028581395348837205,0.02963953488372093,0.0005290697674418619,7310355946550652349,random_failure,,
0.85,gcc_fraction,1000,0.0242906976744186,0.001034883720930229,25,0.023255813953488372,0.01953488372093023,0.027441860465116284,0.003953488372093026,13581162040848396531,random_failure,,
0.85,gcc_fraction,1000,0.0242906976744186,0.001034883720930222,50,0.02325581395348838,0.020697674418604654,0.025813953488372093,0.00255813953488372,11319092349574784131,random_failure,,
0.85,gcc_fraction,1000,0.0242906976744186,0.0011511627906976747,100,0.023139534883720926,0.021627906976744188,0.024651162790697675,0.0015116279069767435,13006712364843555447,random_failure,,
0.85,gcc_fraction,1000,0.0242906976744186,0.0010930232558139519,200,0.02319767441860465,0.02226744186046511,0.024244186046511622,0.0009883720930232553,956290737650134318,random_failure,,
0.85,gcc_fraction,1000,0.0242906976744186,0.00010465116279069486,300,0.024186046511627906,0.023333333333333334,0.025039728682170536,0.0008531976744186008,11691134219438720668,random_failure,,
0.85,gcc_fraction,1000,0.0242906976744186,0.00038372093023255824,500,0.02467441860465116,0.024,0.0253953488372093,0.0006976744186046498,11981942549162188071,random_failure,,
0.85,gcc_fraction,1000,0.0242906976744186,0.0,1000,0.0242906976744186,0.023825581395348835,0.024755813953488366,0.00046511627906976535,11531398397446986496,random_failure,,
0.9,gcc_fraction,1000,0.019406976744186046,0.0010581395348837237,25,0.02046511627906977,0.017674418604651163,0.023255813953488372,0.0027906976744186043,12772902845780671569,random_failure,,
0.9,gcc_fraction,1000,0.019406976744186046,0.0010581395348837237,50,0.02046511627906977,0.0186046511627907,0.02232558139534884,0.00186046511627907,614555131171176478,random_failure,,
0.9,gcc_fraction,1000,0.019406976744186046,0.00022093023255814054,100,0.019186046511627905,0.017906976744186048,0.020581395348837205,0.0013372093023255784,10792071370456148737,random_failure,,
0.9,gcc_fraction,1000,0.019406976744186046,0.0007441860465116287,200,0.018662790697674417,0.017732558139534883,0.019593023255813954,0.0009302325581395359,18088089930051115771,random_failure,,
0.9,gcc_fraction,1000,0.019406976744186046,0.00018217054263566096,300,0.019224806201550385,0.018449612403100776,0.020038759689922477,0.0007945736434108504,4752728537517957080,random_failure,,
0.9,gcc_fraction,1000,0.019406976744186046,3.488372093023162e-05,500,0.019441860465116277,0.01883720930232558,0.020046511627906976,0.0006046511627906988,9988616387272479614,random_failure,,
0.9,gcc_fraction,1000,0.019406976744186046,0.0,1000,0.019406976744186046,0.01897674418604651,0.019837209302325576,0.00043023255813953373,11347563009867238459,random_failure,,
0.95,gcc_fraction,1000,0.01297674418604651,4.6511627906978964e-05,25,0.013023255813953489,0.011627906976744186,0.014883720930232557,0.0016279069767441857,8791180178021643488,random_failure,,
0.95,gcc_fraction,1000,0.01297674418604651,0.0007441860465116322,50,0.013720930232558142,0.012558139534883722,0.015116279069767442,0.00127906976744186,15629003620882531740,random_failure,,
0.95,gcc_fraction,1000,0.01297674418604651,0.0001627906976744177,100,0.013139534883720928,0.01244186046511628,0.013953488372093021,0.0007558139534883709,1837013032737634523,random_failure,,
0.95,gcc_fraction,1000,0.01297674418604651,0.00018604651162790892,200,0.012790697674418601,0.012325581395348834,0.013257267441860456,0.000465843023255811,7328803899301461731,random_failure,,
0.95,gcc_fraction,1000,0.01297674418604651,3.100775193798366e-05,300,0.012945736434108526,0.01255813953488372,0.013410852713178295,0.0004263565891472875,14691177511585653856,random_failure,,
0.95,gcc_fraction,1000,0.01297674418604651,0.00016279069767441944,500,0.01281395348837209,0.012511627906976741,0.01313953488372093,0.00031395348837209413,10524359416086831772,random_failure,,
0.95,gcc_fraction,1000,0.01297674418604651,0.0,1000,0.01297674418604651,0.01273255813953488,0.01320930232558139,0.00023837209302325548,5199506769103582380,random_failure,,
1.0,gcc_fraction,1000,0.0,0.0,25,0.0,0.0,0.0,0.0,15357141509059170712,random_failure,,
1.0,gcc_fraction,1000,0.0,0.0,50,0.0,0.0,0.0,0.0,4052255325444609932,random_failure,,
1.0,gcc_fraction,1000,0.0,0.0,100,0.0,0.0,0.0,0.0,14450770624697625958,random_failure,,
1.0,gcc_fraction,1000,0.0,0.0,200,0.0,0.0,0.0,0.0,8036727976506074266,random_failure,,
1.0,gcc_fraction,1000,0.0,0.0,300,0.0,0.0,0.0,0.0,15372370362659856292,random_failure,,
1.0,gcc_fraction,1000,0.0,0.0,500,0.0,0.0,0.0,0.0,13150097589151250624,random_failure,,
1.0,gcc_fraction,1000,0.0,0.0,1000,0.0,0.0,0.0,0.0,12352330700298524366,random_failure,,
,size_fraction,2000,0.9248294117647058,0.04577058823529401,25,0.8790588235294118,0.7585882352941177,0.9990588235294118,0.12023529411764705,14449357594836781232,avalanche,False,0.1
,size_fraction,2000,0.9248294117647058,0.02553529411764688,50,0.8992941176470589,0.7995294117647059,0.9790588235294118,0.08976470588235291,18443715169928553612,avalanche,False,0.1
,size_fraction,2000,0.9248294117647058,0.003994117647058815,100,0.9288235294117646,0.8784705882352941,0.9785882352941176,0.05005882352941177,1216009372136524026,avalanche,False,0.1
,size_fraction,2000,0.9248294117647058,0.0011823529411763012,200,0.9236470588235295,0.883939705882353,0.9582941176470589,0.037177205882352904,17058895752279943796,avalanche,False,0.1
,size_fraction,2000,0.9248294117647058,0.010582352941176598,300,0.9354117647058824,0.9085480392156863,0.9620392156862746,0.02674558823529416,1058462416362651303,avalanche,False,0.1
,size_fraction,2000,0.9248294117647058,0.004041176470588326,500,0.9288705882352941,0.9068464705882352,0.9509176470588235,0.022035588235294168,17544705512194414841,avalanche,False,0.1
,size_fraction,2000,0.9248294117647058,0.003041176470588214,1000,0.9217882352941176,0.9057511764705882,0.9368891176470587,0.015568970588235254,9798196421929647412,avalanche,False,0.1
,size_fraction,2000,0.9248294117647058,0.0,2000,0.9248294117647058,0.9133760294117647,0.9364010294117647,0.011512500000000037,6629721135495181608,avalanche,False,0.1
,p_cascade,2000,0.926,0.04600000000000004,25,0.88,0.72,1.0,0.14,16054130093230420381,avalanche,False,0.1
,p_cascade,2000,0.926,0.026000000000000023,50,0.9,0.82,0.98,0.08000000000000002,3186710028936027826,avalanche,False,0.1
,p_cascade,2000,0.926,0.0040000000000000036,100,0.93,0.8797500000000005,0.9702499999999986,0.04524999999999907,15821970838165533412,avalanche,False,0.1
,p_cascade,2000,0.926,0.0010000000000000009,200,0.925,0.885,0.96,0.03749999999999998,4300361653909824179,avalanche,False,0.1
,p_cascade,2000,0.926,0.010666666666666602,300,0.9366666666666666,0.9066666666666666,0.9633333333333334,0.028333333333333377,13635960438865474516,avalanche,False,0.1
,p_cascade,2000,0.926,0.0040000000000000036,500,0.93,0.908,0.952,0.021999999999999964,15495607740106710035,avalanche,False,0.1
,p_cascade,2000,0.926,0.0030000000000000027,1000,0.923,0.906,0.938,0.01599999999999996,1807031423849937992,avalanche,False,0.1
,p_cascade,2000,0.926,0.0,2000,0.926,0.9145,0.937,0.011250000000000038,2524873645219858301,avalanche,False,0.1
,size_fraction,2000,0.9133294117647058,0.03427058823529405,25,0.8790588235294118,0.7576352941176471,0.9990588235294118,0.12071176470588235,2137308722274036516,avalanche,False,0.15
,size_fraction,2000,0.9133294117647058,0.014035294117646924,50,0.8992941176470589,0.7995294117647059,0.9785941176470588,0.08953235294117645,18253574081081911412,avalanche,False,0.15
,size_fraction,2000,0.9133294117647058,0.01549411764705877,100,0.9288235294117646,0.8787029411764705,0.9783529411764706,0.049825000000000064,12371525282854925920,avalanche,False,0.15
,size_fraction,2000,0.9133294117647058,0.005317647058823649,200,0.9186470588235295,0.8787058823529412,0.9535308823529411,0.03741249999999996,12859214802120603254,avalanche,False,0.15
,size_fraction,2000,0.9133294117647058,0.015415686274509843,300,0.9287450980392157,0.8988617647058822,0.9555294117647057,0.028333823529411772,14187096789057657533,avalanche,False,0.15
,size_fraction,2000,0.9133294117647058,0.001541176470588268,500,0.9148705882352941,0.890724705882353,0.9387076470588235,0.023991470588235253,7453659212500117217,avalanche,False,0.15
,size_fraction,2000,0.9133294117647058,0.0005411764705882671,1000,0.9127882352941176,0.8948114705882353,0.9299302941176469,0.017559411764705823,14471042111997833181,avalanche,False,0.15
,size_fraction,2000,0.9133294117647058,0.0,2000,0.9133294117647058,0.9016527941176472,0.9251886764705883,0.011767941176470564,6462307866714235437,avalanche,False,0.15
,p_cascade,2000,0.9145,0.034499999999999975,25,0.88,0.72,1.0,0.14,5922864788370234202,avalanche,False,0.15
,p_cascade,2000,0.9145,0.014499999999999957,50,0.9,0.8,0.98,0.08999999999999997,9019777002517855226,avalanche,False,0.15
,p_cascade,2000,0.9145,0.01550000000000007,100,0.93,0.88,0.98,0.04999999999999999,13957228649060927924,avalanche,False,0.15
,p_cascade,2000,0.9145,0.00550000000000006,200,0.92,0.88,0.955,0.03749999999999998,8078904378167744556,avalanche,False,0.15
,p_cascade,2000,0.9145,0.01550000000000007,300,0.93,0.9,0.9566666666666667,0.02833333333333332,4816645699272776701,avalanche,False,0.15
,p_cascade,2000,0.9145,0.0015000000000000568,500,0.916,0.89,0.94,0.024999999999999967,1489928505323544991,avalanche,False,0.15
,p_cascade,2000,0.9145,0.0004999999999999449,1000,0.914,0.896,0.931,0.017500000000000016,1305130284674451008,avalanche,False,0.15
,p_cascade,2000,0.9145,0.0,2000,0.9145,0.903,0.9265,0.011749999999999983,16132854802967779585,avalanche,False,0.15
,size_fraction,2000,0.9133294117647058,0.03427058823529405,25,0.8790588235294118,0.7195294117647059,0.9985882352941177,0.1395294117647059,6669900036029576385,avalanche,False,0.2
,size_fraction,2000,0.9133294117647058,0.014035294117646924,50,0.8992941176470589,0.7997647058823528,0.9790588235294118,0.08964705882352947,2280732946738773324,avalanche,False,0.2
,size_fraction,2000,0.9133294117647058,0.01549411764705877,100,0.9288235294117646,0.8691764705882353,0.9785882352941176,0.05470588235294116,6100048680873975396,avalanche,False,0.2
,size_fraction,2000,0.9133294117647058,0.005317647058823649,200,0.9186470588235295,0.8787058823529412,0.9536470588235295,0.037470588235294144,1733227201805781678,avalanche,False,0.2
,size_fraction,2000,0.9133294117647058,0.015415686274509843,300,0.9287450980392157,0.898979411764706,0.9557284313725491,0.028374509803921588,6271122696779747747,avalanche,False,0.2
,size_fraction,2000,0.9133294117647058,0.001541176470588268,500,0.9148705882352941,0.8906582352941176,0.9386605882352941,0.024001176470588248,17534315947788751795,avalanche,False,0.2
,size_fraction,2000,0.9133294117647058,0.0005411764705882671,1000,0.9127882352941176,0.8947529411764706,0.9295079411764706,0.01737749999999999,97106134986606447,avalanche,False,0.2
,size_fraction,2000,0.9133294117647058,0.0,2000,0.9133294117647058,0.9012523529411764,0.9254223529411765,0.012085000000000012,2304434089764164286,avalanche,False,0.2
,p_cascade,2000,0.9145,0.034499999999999975,25,0.88,0.76,1.0,0.12,1670982958220432218,avalanche,False,0.2
,p_cascade,2000,0.9145,0.014499999999999957,50,0.9,0.82,0.98,0.08000000000000002,18041356117318486232,avalanche,False,0.2
,p_cascade,2000,0.9145,0.01550000000000007,100,0.93,0.88,0.98,0.04999999999999999,16147669392652412229,avalanche,False,0.2
,p_cascade,2000,0.9145,0.00550000000000006,200,0.92,0.88,0.955,0.03749999999999998,2966390071802505200,avalanche,False,0.2
,p_cascade,2000,0.9145,0.01550000000000007,300,0.93,0.9,0.9566666666666667,0.02833333333333332,13146744213033704474,avalanche,False,0.2
,p_cascade,2000,0.9145,0.0015000000000000568,500,0.916,0.89,0.938,0.023999999999999966,8413249527584570973,avalanche,False,0.2
,p_cascade,2000,0.9145,0.0004999999999999449,1000,0.914,0.895,0.931,0.018000000000000016,10113245752782505452,avalanche,False,0.2
,p_cascade,2000,0.9145,0.0,2000,0.9145,0.9019875,0.927,0.012506249999999997,3321695088146854271,avalanche,False,0.2
,size_fraction,2000,0.8561823529411765,0.022876470588235276,25,0.8790588235294118,0.7581176470588236,0.9985882352941177,0.12023529411764705,8332406810145000458,avalanche,False,0.3
,size_fraction,2000,0.8561823529411765,0.023582352941176388,50,0.8797647058823529,0.78,0.96,0.08999999999999997,4148755461815960390,avalanche,False,0.3
,size_fraction,2000,0.8561823529411765,0.0528764705882353,100,0.9090588235294118,0.8492941176470589,0.9591764705882353,0.054941176470588216,4522566153492081178,avalanche,False,0.3
,size_fraction,2000,0.8561823529411765,0.022817647058823498,200,0.879,0.8341161764705882,0.9235308823529411,0.04470735294117645,2942849605580250930,avalanche,False,0.3
,size_fraction,2000,0.8561823529411765,0.016209803921568677,300,0.8723921568627452,0.8325088235294117,0.9089019607843137,0.03819656862745102,7835207224625015124,avalanche,False,0.3
,size_fraction,2000,0.8561823529411765,0.0009705882352940565,500,0.8571529411764706,0.8251982352941177,0.8871552941176472,0.03097852941176471,11366541751414970890,avalanche,False,0.3
,size_fraction,2000,0.8561823529411765,5.882352941188884e-06,1000,0.8561882352941177,0.8341520588235295,0.878189411764706,0.02201867647058825,14742348993557974547,avalanche,False,0.3
,size_fraction,2000,0.8561823529411765,0.0,2000,0.8561823529411765,0.8408758823529412,0.8712358823529412,0.015180000000000027,7767535025541109506,avalanche,False,0.3
,p_cascade,2000,0.872,0.008000000000000007,25,0.88,0.72,1.0,0.14,1066488768123319843,avalanche,False,0.3
,p_cascade,2000,0.872,0.028000000000000025,50,0.9,0.82,0.98,0.08000000000000002,3102591292880633759,avalanche,False,0.3
,p_cascade,2000,0.872,0.04800000000000004,100,0.92,0.8697500000000005,0.97,0.05012499999999975,10509785160817324661,avalanche,False,0.3
,p_cascade,2000,0.872,0.02300000000000002,200,0.895,0.85,0.935,0.04250000000000004,10149098825943347365,avalanche,False,0.3
,p_cascade,2000,0.872,0.014666666666666717,300,0.8866666666666667,0.85,0.9233333333333333,0.03666666666666668,17061308127507956660,avalanche,False,0.3
,p_cascade,2000,0.872,0.0020000000000000018,500,0.87,0.838,0.898,0.030000000000000027,4414872897503357467,avalanche,False,0.3
,p_cascade,2000,0.872,0.0020000000000000018,1000,0.874,0.852975,0.894,0.02051249999999999,17148988810017395952,avalanche,False,0.3
,p_cascade,2000,0.872,0.0,2000,0.872,0.8565,0.8865,0.014999999999999958,10192514026620801116,avalanche,False,0.3
,size_fraction,2000,0.0,0.0,25,0.0,0.0,0.0,0.0,16312524171769193210,avalanche,True,0.1
,size_fraction,2000,0.0,0.0,50,0.0,0.0,0.0,0.0,3366511615588626557,avalanche,True,0.1
,size_fraction,2000,0.0,0.0,100,0.0,0.0,0.0,0.0,8480794799444287887,avalanche,True,0.1
,size_fraction,2000,0.0,0.0,200,0.0,0.0,0.0,0.0,18405604991265918390,avalanche,True,0.1
,size_fraction,2000,0.0,0.0,300,0.0,0.0,0.0,0.0,2566424972943366425,avalanche,True,0.1
,size_fraction,2000,0.0,0.0,500,0.0,0.0,0.0,0.0,12367675646760348049,avalanche,True,0.1
,size_fraction,2000,0.0,0.0,1000,0.0,0.0,0.0,0.0,3923152298418149396,avalanche,True,0.1
,size_fraction,2000,0.0,0.0,2000,0.0,0.0,0.0,0.0,7365925133533258444,avalanche,True,0.1
,p_cascade,2000,0.0,0.0,25,0.0,0.0,0.0,0.0,13165981765372314117,avalanche,True,0.1
,p_cascade,2000,0.0,0.0,50,0.0,0.0,0.0,0.0,5849506903963007559,avalanche,True,0.1
,p_cascade,2000,0.0,0.0,100,0.0,0.0,0.0,0.0,17970475643932409265,avalanche,True,0.1
,p_cascade,2000,0.0,0.0,200,0.0,0.0,0.0,0.0,8868685429534341705,avalanche,True,0.1
,p_cascade,2000,0.0,0.0,300,0.0,0.0,0.0,0.0,10502432761530846500,avalanche,True,0.1
,p_cascade,2000,0.0,0.0,500,0.0,0.0,0.0,0.0,16779602785675241151,avalanche,True,0.1
,p_cascade,2000,0.0,0.0,1000,0.0,0.0,0.0,0.0,17900281591714137250,avalanche,True,0.1
,p_cascade,2000,0.0,0.0,2000,0.0,0.0,0.0,0.0,6115455120479200997,avalanche,True,0.1
,size_fraction,2000,0.0,0.0,25,0.0,0.0,0.0,0.0,3380516788508922197,avalanche,True,0.15
,size_fraction,2000,0.0,0.0,50,0.0,0.0,0.0,0.0,14874903304919589104,avalanche,True,0.15
,size_fraction,2000,0.0,0.0,100,0.0,0.0,0.0,0.0,8000856460041163655,avalanche,True,0.15
,size_fraction,2000,0.0,0.0,200,0.0,0.0,0.0,0.0,5650657490964030862,avalanche,True,0.15
,size_fraction,2000,0.0,0.0,300,0.0,0.0,0.0,0.0,10735446603816058983,avalanche,True,0.15
,size_fraction,2000,0.0,0.0,500,0.0,0.0,0.0,0.0,12397142972334766567,avalanche,True,0.15
,size_fraction,2000,0.0,0.0,1000,0.0,0.0,0.0,0.0,6018209220842148208,avalanche,True,0.15
,size_fraction,2000,0.0,0.0,2000,0.0,0.0,0.0,0.0,1379624883993772901,avalanche,True,0.15
,p_cascade,2000,0.0,0.0,25,0.0,0.0,0.0,0.0,6118587882980461770,avalanche,True,0.15
,p_cascade,2000,0.0,0.0,50,0.0,0.0,0.0,0.0,9386509869559163849,avalanche,True,0.15
,p_cascade,2000,0.0,0.0,100,0.0,0.0,0.0,0.0,5246052285114924781,avalanche,True,0.15
,p_cascade,2000,0.0,0.0,200,0.0,0.0,0.0,0.0,13326508532420835786,avalanche,True,0.15
,p_cascade,2000,0.0,0.0,300,0.0,0.0,0.0,0.0,12301887479776271927,avalanche,True,0.15
,p_cascade,2000,0.0,0.0,500,0.0,0.0,0.0,0.0,17572570527460493668,avalanche,True,0.15
,p_cascade,2000,0.0,0.0,1000,0.0,0.0,0.0,0.0,171696489696393838,avalanche,True,0.15
,p_cascade,2000,0.0,0.0,2000,0.0,0.0,0.0,0.0,7913804877868258400,avalanche,True,0.15
,size_fraction,2000,0.0,0.0,25,0.0,0.0,0.0,0.0,15482149862480977594,avalanche,True,0.2
,size_fraction,2000,0.0,0.0,50,0.0,0.0,0.0,0.0,15151254108399481654,avalanche,True,0.2
,size_fraction,2000,0.0,0.0,100,0.0,0.0,0.0,0.0,699269072483487276,avalanche,True,0.2
,size_fraction,2000,0.0,0.0,200,0.0,0.0,0.0,0.0,10086219572642699145,avalanche,True,0.2
,size_fraction,2000,0.0,0.0,300,0.0,0.0,0.0,0.0,16952916504212940381,avalanche,True,0.2
,size_fraction,2000,0.0,0.0,500,0.0,0.0,0.0,0.0,13109062160303301848,avalanche,True,0.2
,size_fraction,2000,0.0,0.0,1000,0.0,0.0,0.0,0.0,9002101837482991698,avalanche,True,0.2
,size_fraction,2000,0.0,0.0,2000,0.0,0.0,0.0,0.0,11972307719820961318,avalanche,True,0.2
,p_cascade,2000,0.0,0.0,25,0.0,0.0,0.0,0.0,8446039801592504667,avalanche,True,0.2
,p_cascade,2000,0.0,0.0,50,0.0,0.0,0.0,0.0,3386022865355325144,avalanche,True,0.2
,p_cascade,2000,0.0,0.0,100,0.0,0.0,0.0,0.0,990798573076723982,avalanche,True,0.2
,p_cascade,2000,0.0,0.0,200,0.0,0.0,0.0,0.0,13287886312204435263,avalanche,True,0.2
,p_cascade,2000,0.0,0.0,300,0.0,0.0,0.0,0.0,5883108460553820645,avalanche,True,0.2
,p_cascade,2000,0.0,0.0,500,0.0,0.0,0.0,0.0,6181220036160644550,avalanche,True,0.2
,p_cascade,2000,0.0,0.0,1000,0.0,0.0,0.0,0.0,3479895462425835041,avalanche,True,0.2
,p_cascade,2000,0.0,0.0,2000,0.0,0.0,0.0,0.0,2072386540267074497,avalanche,True,0.2
,size_fraction,2000,0.0,0.0,25,0.0,0.0,0.0,0.0,10255122738744149164,avalanche,True,0.3
,size_fraction,2000,0.0,0.0,50,0.0,0.0,0.0,0.0,10027719223922173034,avalanche,True,0.3
,size_fraction,2000,0.0,0.0,100,0.0,0.0,0.0,0.0,16347756616341967784,avalanche,True,0.3
,size_fraction,2000,0.0,0.0,200,0.0,0.0,0.0,0.0,15126826433114972849,avalanche,True,0.3
,size_fraction,2000,0.0,0.0,300,0.0,0.0,0.0,0.0,16969875806557317073,avalanche,True,0.3
,size_fraction,2000,0.0,0.0,500,0.0,0.0,0.0,0.0,275667598834456762,avalanche,True,0.3
,size_fraction,2000,0.0,0.0,1000,0.0,0.0,0.0,0.0,7310355946550652349,avalanche,True,0.3
,size_fraction,2000,0.0,0.0,2000,0.0,0.0,0.0,0.0,13581162040848396531,avalanche,True,0.3
,p_cascade,2000,0.0,0.0,25,0.0,0.0,0.0,0.0,11319092349574784131,avalanche,True,0.3
,p_cascade,2000,0.0,0.0,50,0.0,0.0,0.0,0.0,13006712364843555447,avalanche,True,0.3
,p_cascade,2000,0.0,0.0,100,0.0,0.0,0.0,0.0,956290737650134318,avalanche,True,0.3
,p_cascade,2000,0.0,0.0,200,0.0,0.0,0.0,0.0,11691134219438720668,avalanche,True,0.3
,p_cascade,2000,0.0,0.0,300,0.0,0.0,0.0,0.0,11981942549162188071,avalanche,True,0.3
,p_cascade,2000,0.0,0.0,500,0.0,0.0,0.0,0.0,11531398397446986496,avalanche,True,0.3
,p_cascade,2000,0.0,0.0,1000,0.0,0.0,0.0,0.0,12772902845780671569,avalanche,True,0.3
,p_cascade,2000,0.0,0.0,2000,0.0,0.0,0.0,0.0,614555131171176478,avalanche,True,0.3
