question,first_curve,second_curve,first_critical_fraction,second_critical_fraction,critical_difference,critical_ratio,first_gcc_threshold_fraction,second_gcc_threshold_fraction,gcc_threshold_difference,gcc_threshold_ratio,first_gcc_fraction_at_estimate,second_gcc_fraction_at_estimate
node vs edge,random_degree,random_edge_degree,0.06,0.03,0.03,2.0,0.06315868263473054,0.06523076923076924,-0.0020720865960387053,0.9682345215229915,0.5245348837209303,0.665813953488372
node vs edge,targeted_degree,targeted_edge_degree,0.02,0.07,-0.05,0.2857142857142857,0.01675,0.06869565217391305,-0.051945652173913046,0.24382911392405063,0.34883720930232553,0.46511627906976744
node vs edge,targeted_betweenness,targeted_edge_betweenness,0.01,0.01,0.0,1.0,0.012352941176470587,0.01,0.002352941176470587,1.2352941176470587,0.5465116279069767,0.5
node vs edge,targeted_flow,targeted_edge_flow,0.03,0.01,0.019999999999999997,3.0,0.0425,0.01,0.0325,4.25,0.5465116279069767,0.5
"random vs targeted, nodes",random_degree,targeted_degree,0.06,0.02,0.039999999999999994,3.0,0.06315868263473054,0.01675,0.04640868263473054,3.7706676199839126,0.5245348837209303,0.34883720930232553
"random vs targeted, nodes",random_degree,targeted_betweenness,0.06,0.01,0.049999999999999996,6.0,0.06315868263473054,0.012352941176470587,0.05080574145825995,5.112845737097235,0.5245348837209303,0.5465116279069767
"random vs targeted, nodes",random_degree,targeted_flow,0.06,0.03,0.03,2.0,0.06315868263473054,0.0425,0.020658682634730537,1.4860866502289538,0.5245348837209303,0.5465116279069767
"random vs targeted, edges",random_edge_degree,targeted_edge_degree,0.03,0.07,-0.04000000000000001,0.4285714285714285,0.06523076923076924,0.06869565217391305,-0.0034648829431438016,0.949561830574489,0.665813953488372,0.46511627906976744
"random vs targeted, edges",random_edge_degree,targeted_edge_betweenness,0.03,0.01,0.019999999999999997,3.0,0.06523076923076924,0.01,0.05523076923076924,6.523076923076925,0.665813953488372,0.5
"random vs targeted, edges",random_edge_degree,targeted_edge_flow,0.03,0.01,0.019999999999999997,3.0,0.06523076923076924,0.01,0.05523076923076924,6.523076923076925,0.665813953488372,0.5
