station_id,name,betweenness_load,betweenness_rank,demand_load,demand_rank,rank_change
1,North Fremantle Stn,84.0,73,22.0,52,21
100,Warwick Stn,750.0,34,45.0,18,16
101,Wellard Stn,324.0,54,25.0,46,8
102,Whitfords Stn,616.0,38,45.0,19,19
12,Queens Park Stn,1804.0,5,36.0,29,-24
133,Butler Stn,246.0,60,27.0,39,21
135,Elizabeth Quay Stn,1050.0,24,92.0,4,20
138,Aubin Grove Stn,474.0,44,26.0,42,2
140,Perth Stadium Stn,1794.0,9,36.0,30,-21
147,Redcliffe Stn,166.0,66,20.0,59,7
148,Airport Central Stn,84.0,74,20.0,60,14
149,High Wycombe Stn,0.0,80,20.0,61,19
15,West Leederville Stn,994.0,26,40.0,22,4
150,Lakelands Stn,84.0,75,25.0,47,28
153,Alkimos Stn,166.0,67,26.0,43,24
154,Eglinton Stn,84.0,76,25.0,48,28
155,Yanchep Stn,0.0,81,25.0,49,32
156,Morley Stn,324.0,55,20.0,62,-7
157,Noranda Stn,246.0,61,20.0,63,-2
158,Ballajura Stn,166.0,68,20.0,64,4
159,Whiteman Park Stn,84.0,77,20.0,65,12
16,Showgrounds Stn,616.0,39,0.0,86,-47
160,Ellenbrook Stn,0.0,82,20.0,66,16
162,Nicholson Rd Stn,1596.0,12,16.0,83,-71
163,Ranford Rd Stn,1566.0,13,16.0,84,-71
164,Byford Stn,0.0,83,18.0,80,3
17,Shenton Park Stn,814.0,32,40.0,23,9
19,Grant Street Stn,400.0,49,22.0,53,-4
2,Challis Stn,246.0,62,18.0,81,-19
22,Mciver Stn,1156.0,17,96.0,2,15
23,Bayswater Stn,1121.0,20,60.0,7,13
24,Guildford Stn,246.0,63,20.0,67,-4
26,East Perth Stn,1254.0,14,60.0,8,6
28,Beckenham Stn,2064.0,2,36.0,31,-29
30,Claremont Stn,546.0,41,42.0,21,20
31,City West Stn,1050.0,25,40.0,24,1
32,Victoria Street Stn,166.0,69,22.0,54,15
33,Burswood Stn,1800.0,7,36.0,32,-25
34,Success Hill Stn,324.0,56,20.0,68,-12
36,Daglish Stn,876.0,30,40.0,25,5
37,Meltham Stn,1104.0,21,60.0,9,12
38,Swanbourne Stn,474.0,45,22.0,55,-10
39,Bassendean Stn,400.0,50,20.0,69,-19
4,Currambine Stn,400.0,51,27.0,40,11
41,Woodbridge Stn,84.0,78,20.0,70,8
42,Loch Street Stn,684.0,36,40.0,26,10
43,Armadale Stn,84.0,79,19.0,75,4
44,Mt Lawley Stn,1206.0,15,60.0,10,5
46,Edgewater Stn,546.0,42,28.0,37,5
48,Victoria Park Stn,1804.0,6,36.0,33,-27
49,Maylands Stn,1156.0,18,60.0,11,7
5,Mosman Park Stn,246.0,64,22.0,56,8
50,Cottesloe Stn,324.0,57,22.0,57,0
56,Perth Stn,1104.0,22,116.0,1,21
58,Carlisle Stn,1806.0,3,36.0,34,-31
59,East Guildford Stn,166.0,70,20.0,71,-1
6,Subiaco Stn,936.0,28,40.0,27,1
64,Perth Underground Stn,994.0,27,92.0,5,22
66,Sherwood Stn,166.0,71,18.0,82,-11
67,Seaforth Stn,400.0,52,19.0,76,-24
68,Maddington Stn,546.0,43,20.0,72,-29
7,Ashfield Stn,474.0,46,20.0,73,-27
72,Claisebrook Stn,2146.0,1,96.0,3,-2
73,Oats Street Stn,1806.0,4,36.0,35,-31
74,Warnbro Stn,166.0,72,25.0,50,22
76,Karrakatta Stn,750.0,35,40.0,28,7
8,Leederville Stn,936.0,29,46.0,15,14
82,Bull Creek Stn,1156.0,19,47.0,12,7
83,Canning Bridge Stn,1104.0,23,47.0,13,10
84,Cannington Stn,1800.0,8,36.0,36,-28
85,Clarkson Stn,324.0,58,27.0,41,17
86,Cockburn Central Stn,1667.0,10,62.0,6,4
87,Fremantle Stn,0.0,84,22.0,58,26
88,Glendalough Stn,876.0,31,46.0,16,15
89,Gosnells Stn,474.0,47,19.0,77,-30
9,Greenwood Stn,684.0,37,45.0,20,17
90,Joondalup Stn,474.0,48,28.0,38,10
91,Kelmscott Stn,324.0,59,19.0,78,-19
92,Kenwick Stn,616.0,40,19.0,79,-39
93,Kwinana Stn,400.0,53,26.0,44,9
94,Mandurah Stn,0.0,85,25.0,51,34
95,Midland Stn,0.0,86,20.0,74,12
96,Murdoch Stn,1206.0,16,47.0,14,2
97,Rockingham Stn,246.0,65,26.0,45,20
98,Stirling Stn,814.0,33,46.0,17,16
99,Thornlie Stn,1624.0,11,16.0,85,-74
